--------------------------------------------------------
--  File created - szerda-március-30-2016   
--------------------------------------------------------
--------------------------------------------------------
--  DDL for Table AIRPLANES
--------------------------------------------------------

  CREATE TABLE "AHA"."AIRPLANES" 
   (	"ID" NUMBER, 
	"MAXDISTANCE" NUMBER DEFAULT 10000, 
	"MODEL" VARCHAR2(20 BYTE)
   ) SEGMENT CREATION IMMEDIATE 
  PCTFREE 10 PCTUSED 40 INITRANS 1 MAXTRANS 255 NOCOMPRESS LOGGING
  STORAGE(INITIAL 65536 NEXT 1048576 MINEXTENTS 1 MAXEXTENTS 2147483645
  PCTINCREASE 0 FREELISTS 1 FREELIST GROUPS 1 BUFFER_POOL DEFAULT FLASH_CACHE DEFAULT CELL_FLASH_CACHE DEFAULT)
  TABLESPACE "USERS" ;
--------------------------------------------------------
--  DDL for Table AIRPORTS
--------------------------------------------------------

  CREATE TABLE "AHA"."AIRPORTS" 
   (	"CODE" CHAR(3 BYTE), 
	"CITY" VARCHAR2(30 BYTE)
   ) SEGMENT CREATION IMMEDIATE 
  PCTFREE 10 PCTUSED 40 INITRANS 1 MAXTRANS 255 NOCOMPRESS LOGGING
  STORAGE(INITIAL 65536 NEXT 1048576 MINEXTENTS 1 MAXEXTENTS 2147483645
  PCTINCREASE 0 FREELISTS 1 FREELIST GROUPS 1 BUFFER_POOL DEFAULT FLASH_CACHE DEFAULT CELL_FLASH_CACHE DEFAULT)
  TABLESPACE "USERS" ;
--------------------------------------------------------
--  DDL for Table BOOKINGS
--------------------------------------------------------

  CREATE TABLE "AHA"."BOOKINGS" 
   (	"BOOKINGREFERENCE" VARCHAR2(10 BYTE), 
	"SEATID" NUMBER, 
	"FLIGHTID" VARCHAR2(10 BYTE), 
	"PASSENGERID" NUMBER, 
	"APPROVED" NUMBER(1,0) DEFAULT 0
   ) SEGMENT CREATION IMMEDIATE 
  PCTFREE 10 PCTUSED 40 INITRANS 1 MAXTRANS 255 NOCOMPRESS LOGGING
  STORAGE(INITIAL 65536 NEXT 1048576 MINEXTENTS 1 MAXEXTENTS 2147483645
  PCTINCREASE 0 FREELISTS 1 FREELIST GROUPS 1 BUFFER_POOL DEFAULT FLASH_CACHE DEFAULT CELL_FLASH_CACHE DEFAULT)
  TABLESPACE "USERS" ;
--------------------------------------------------------
--  DDL for Table EMPLOYEES
--------------------------------------------------------

  CREATE TABLE "AHA"."EMPLOYEES" 
   (	"ID" NUMBER(10,0), 
	"NAME" VARCHAR2(30 BYTE), 
	"EMAIL" VARCHAR2(30 BYTE), 
	"ROLE" CHAR(1 BYTE)
   ) SEGMENT CREATION IMMEDIATE 
  PCTFREE 10 PCTUSED 40 INITRANS 1 MAXTRANS 255 NOCOMPRESS LOGGING
  STORAGE(INITIAL 65536 NEXT 1048576 MINEXTENTS 1 MAXEXTENTS 2147483645
  PCTINCREASE 0 FREELISTS 1 FREELIST GROUPS 1 BUFFER_POOL DEFAULT FLASH_CACHE DEFAULT CELL_FLASH_CACHE DEFAULT)
  TABLESPACE "USERS" ;
--------------------------------------------------------
--  DDL for Table FLIGHTS
--------------------------------------------------------

  CREATE TABLE "AHA"."FLIGHTS" 
   (	"ID" NUMBER, 
	"FLIGHTNUMBER" VARCHAR2(20 BYTE), 
	"DEPARTURE" DATE, 
	"FLIGHTDURATION" NUMBER, 
	"FROMID" CHAR(3 BYTE), 
	"TOID" CHAR(3 BYTE), 
	"AIRPLANEID" NUMBER
   ) SEGMENT CREATION IMMEDIATE 
  PCTFREE 10 PCTUSED 40 INITRANS 1 MAXTRANS 255 NOCOMPRESS LOGGING
  STORAGE(INITIAL 65536 NEXT 1048576 MINEXTENTS 1 MAXEXTENTS 2147483645
  PCTINCREASE 0 FREELISTS 1 FREELIST GROUPS 1 BUFFER_POOL DEFAULT FLASH_CACHE DEFAULT CELL_FLASH_CACHE DEFAULT)
  TABLESPACE "USERS" ;

   COMMENT ON COLUMN "AHA"."FLIGHTS"."FLIGHTDURATION" IS 'Duration of flight in minutes';
--------------------------------------------------------
--  DDL for Table PASSENGERS
--------------------------------------------------------

  CREATE TABLE "AHA"."PASSENGERS" 
   (	"ID" NUMBER, 
	"NAME" VARCHAR2(40 BYTE), 
	"EMAIL" VARCHAR2(50 BYTE)
   ) SEGMENT CREATION IMMEDIATE 
  PCTFREE 10 PCTUSED 40 INITRANS 1 MAXTRANS 255 NOCOMPRESS LOGGING
  STORAGE(INITIAL 65536 NEXT 1048576 MINEXTENTS 1 MAXEXTENTS 2147483645
  PCTINCREASE 0 FREELISTS 1 FREELIST GROUPS 1 BUFFER_POOL DEFAULT FLASH_CACHE DEFAULT CELL_FLASH_CACHE DEFAULT)
  TABLESPACE "USERS" ;
--------------------------------------------------------
--  DDL for Table SEATS
--------------------------------------------------------

  CREATE TABLE "AHA"."SEATS" 
   (	"ID" NUMBER, 
	"AIRPLANEID" NUMBER, 
	"ROWNUMBER" NUMBER, 
	"COLUMNLETTER" CHAR(1 BYTE)
   ) SEGMENT CREATION IMMEDIATE 
  PCTFREE 10 PCTUSED 40 INITRANS 1 MAXTRANS 255 NOCOMPRESS LOGGING
  STORAGE(INITIAL 65536 NEXT 1048576 MINEXTENTS 1 MAXEXTENTS 2147483645
  PCTINCREASE 0 FREELISTS 1 FREELIST GROUPS 1 BUFFER_POOL DEFAULT FLASH_CACHE DEFAULT CELL_FLASH_CACHE DEFAULT)
  TABLESPACE "USERS" ;
REM INSERTING into AHA.AIRPLANES
SET DEFINE OFF;
Insert into AHA.AIRPLANES (ID,MAXDISTANCE,MODEL) values ('1','5000','Boeing747');
Insert into AHA.AIRPLANES (ID,MAXDISTANCE,MODEL) values ('2','10000','Airbus A320');
Insert into AHA.AIRPLANES (ID,MAXDISTANCE,MODEL) values ('3','100000000','Milleneum Falcon');
REM INSERTING into AHA.AIRPORTS
SET DEFINE OFF;
Insert into AHA.AIRPORTS (CODE,CITY) values ('BUD','Budapest');
Insert into AHA.AIRPORTS (CODE,CITY) values ('DUB','Dublin');
Insert into AHA.AIRPORTS (CODE,CITY) values ('NAN','Nantes');
Insert into AHA.AIRPORTS (CODE,CITY) values ('LHR','London');
Insert into AHA.AIRPORTS (CODE,CITY) values ('IAD','Washington');
Insert into AHA.AIRPORTS (CODE,CITY) values ('NRT','Tokyo');
Insert into AHA.AIRPORTS (CODE,CITY) values ('BCN','Barcelona');
Insert into AHA.AIRPORTS (CODE,CITY) values ('MAD','Madrid');
Insert into AHA.AIRPORTS (CODE,CITY) values ('CRL','Brüsszel');
Insert into AHA.AIRPORTS (CODE,CITY) values ('BER','Berlin');
REM INSERTING into AHA.BOOKINGS
SET DEFINE OFF;
Insert into AHA.BOOKINGS (BOOKINGREFERENCE,SEATID,FLIGHTID,PASSENGERID,APPROVED) values ('AHA12341F','1','1','4','0');
Insert into AHA.BOOKINGS (BOOKINGREFERENCE,SEATID,FLIGHTID,PASSENGERID,APPROVED) values ('AHA12347C','1','1','4','0');
Insert into AHA.BOOKINGS (BOOKINGREFERENCE,SEATID,FLIGHTID,PASSENGERID,APPROVED) values ('12BA','1','1','4','0');
Insert into AHA.BOOKINGS (BOOKINGREFERENCE,SEATID,FLIGHTID,PASSENGERID,APPROVED) values ('23CD','2','1','4','0');
Insert into AHA.BOOKINGS (BOOKINGREFERENCE,SEATID,FLIGHTID,PASSENGERID,APPROVED) values ('AHA123410D','1','1','4','0');
REM INSERTING into AHA.EMPLOYEES
SET DEFINE OFF;
Insert into AHA.EMPLOYEES (ID,NAME,EMAIL,ROLE) values ('1','Johny Cash','johny@cash.com','a');
Insert into AHA.EMPLOYEES (ID,NAME,EMAIL,ROLE) values ('2','Silver Light','silver@light.com','c');
Insert into AHA.EMPLOYEES (ID,NAME,EMAIL,ROLE) values ('3','Golden Brownie','golden@brownie.com','o');
Insert into AHA.EMPLOYEES (ID,NAME,EMAIL,ROLE) values ('4','Yellow Pages','yellow@pages.com','c');
Insert into AHA.EMPLOYEES (ID,NAME,EMAIL,ROLE) values ('5','Blue Dark','blue@dark.com','a');
REM INSERTING into AHA.FLIGHTS
SET DEFINE OFF;
Insert into AHA.FLIGHTS (ID,FLIGHTNUMBER,DEPARTURE,FLIGHTDURATION,FROMID,TOID,AIRPLANEID) values ('1','AHA1234',to_date('16-ÁPR.  -08','RR-MON-DD'),'180','BUD','NAN','1');
Insert into AHA.FLIGHTS (ID,FLIGHTNUMBER,DEPARTURE,FLIGHTDURATION,FROMID,TOID,AIRPLANEID) values ('2','AHA2345',to_date('16-MÁJ.  -20','RR-MON-DD'),'240','DUB','NAN','2');
Insert into AHA.FLIGHTS (ID,FLIGHTNUMBER,DEPARTURE,FLIGHTDURATION,FROMID,TOID,AIRPLANEID) values ('3','AHA1234',to_date('16-JÚN.  -23','RR-MON-DD'),'180','BUD','NAN','1');
REM INSERTING into AHA.PASSENGERS
SET DEFINE OFF;
Insert into AHA.PASSENGERS (ID,NAME,EMAIL) values ('1','Mimi Rogers','mimi@mimi.com');
Insert into AHA.PASSENGERS (ID,NAME,EMAIL) values ('2','Han Solo','solo@han.com');
Insert into AHA.PASSENGERS (ID,NAME,EMAIL) values ('3','Chew Bakka','Bakka@chew.com');
Insert into AHA.PASSENGERS (ID,NAME,EMAIL) values ('4','Willy Wonka','wonka@willy.hu');
Insert into AHA.PASSENGERS (ID,NAME,EMAIL) values ('5','Master Shifu','shifu@master.com');
REM INSERTING into AHA.SEATS
SET DEFINE OFF;
Insert into AHA.SEATS (ID,AIRPLANEID,ROWNUMBER,COLUMNLETTER) values ('1','1','1','A');
Insert into AHA.SEATS (ID,AIRPLANEID,ROWNUMBER,COLUMNLETTER) values ('2','1','1','B');
Insert into AHA.SEATS (ID,AIRPLANEID,ROWNUMBER,COLUMNLETTER) values ('3','1','1','C');
Insert into AHA.SEATS (ID,AIRPLANEID,ROWNUMBER,COLUMNLETTER) values ('4','1','1','D');
Insert into AHA.SEATS (ID,AIRPLANEID,ROWNUMBER,COLUMNLETTER) values ('5','1','1','E');
Insert into AHA.SEATS (ID,AIRPLANEID,ROWNUMBER,COLUMNLETTER) values ('6','1','1','F');
Insert into AHA.SEATS (ID,AIRPLANEID,ROWNUMBER,COLUMNLETTER) values ('7','1','2','A');
Insert into AHA.SEATS (ID,AIRPLANEID,ROWNUMBER,COLUMNLETTER) values ('8','1','2','B');
Insert into AHA.SEATS (ID,AIRPLANEID,ROWNUMBER,COLUMNLETTER) values ('9','1','2','C');
Insert into AHA.SEATS (ID,AIRPLANEID,ROWNUMBER,COLUMNLETTER) values ('10','1','2','D');
Insert into AHA.SEATS (ID,AIRPLANEID,ROWNUMBER,COLUMNLETTER) values ('11','1','2','E');
Insert into AHA.SEATS (ID,AIRPLANEID,ROWNUMBER,COLUMNLETTER) values ('12','1','2','F');
Insert into AHA.SEATS (ID,AIRPLANEID,ROWNUMBER,COLUMNLETTER) values ('13','1','3','A');
Insert into AHA.SEATS (ID,AIRPLANEID,ROWNUMBER,COLUMNLETTER) values ('14','1','3','B');
Insert into AHA.SEATS (ID,AIRPLANEID,ROWNUMBER,COLUMNLETTER) values ('15','1','3','C');
Insert into AHA.SEATS (ID,AIRPLANEID,ROWNUMBER,COLUMNLETTER) values ('16','1','3','D');
Insert into AHA.SEATS (ID,AIRPLANEID,ROWNUMBER,COLUMNLETTER) values ('17','1','3','E');
Insert into AHA.SEATS (ID,AIRPLANEID,ROWNUMBER,COLUMNLETTER) values ('18','1','3','F');
Insert into AHA.SEATS (ID,AIRPLANEID,ROWNUMBER,COLUMNLETTER) values ('19','1','4','A');
Insert into AHA.SEATS (ID,AIRPLANEID,ROWNUMBER,COLUMNLETTER) values ('20','1','4','B');
Insert into AHA.SEATS (ID,AIRPLANEID,ROWNUMBER,COLUMNLETTER) values ('21','1','4','C');
Insert into AHA.SEATS (ID,AIRPLANEID,ROWNUMBER,COLUMNLETTER) values ('22','1','4','D');
Insert into AHA.SEATS (ID,AIRPLANEID,ROWNUMBER,COLUMNLETTER) values ('23','1','4','E');
Insert into AHA.SEATS (ID,AIRPLANEID,ROWNUMBER,COLUMNLETTER) values ('24','1','4','F');
Insert into AHA.SEATS (ID,AIRPLANEID,ROWNUMBER,COLUMNLETTER) values ('25','1','5','A');
Insert into AHA.SEATS (ID,AIRPLANEID,ROWNUMBER,COLUMNLETTER) values ('26','1','5','B');
Insert into AHA.SEATS (ID,AIRPLANEID,ROWNUMBER,COLUMNLETTER) values ('27','1','5','C');
Insert into AHA.SEATS (ID,AIRPLANEID,ROWNUMBER,COLUMNLETTER) values ('28','1','5','D');
Insert into AHA.SEATS (ID,AIRPLANEID,ROWNUMBER,COLUMNLETTER) values ('29','1','5','E');
Insert into AHA.SEATS (ID,AIRPLANEID,ROWNUMBER,COLUMNLETTER) values ('30','1','5','F');
Insert into AHA.SEATS (ID,AIRPLANEID,ROWNUMBER,COLUMNLETTER) values ('31','1','6','A');
Insert into AHA.SEATS (ID,AIRPLANEID,ROWNUMBER,COLUMNLETTER) values ('32','1','6','B');
Insert into AHA.SEATS (ID,AIRPLANEID,ROWNUMBER,COLUMNLETTER) values ('33','1','6','C');
Insert into AHA.SEATS (ID,AIRPLANEID,ROWNUMBER,COLUMNLETTER) values ('34','1','6','D');
Insert into AHA.SEATS (ID,AIRPLANEID,ROWNUMBER,COLUMNLETTER) values ('35','1','6','E');
Insert into AHA.SEATS (ID,AIRPLANEID,ROWNUMBER,COLUMNLETTER) values ('36','1','6','F');
Insert into AHA.SEATS (ID,AIRPLANEID,ROWNUMBER,COLUMNLETTER) values ('37','1','7','A');
Insert into AHA.SEATS (ID,AIRPLANEID,ROWNUMBER,COLUMNLETTER) values ('38','1','7','B');
Insert into AHA.SEATS (ID,AIRPLANEID,ROWNUMBER,COLUMNLETTER) values ('39','1','7','C');
Insert into AHA.SEATS (ID,AIRPLANEID,ROWNUMBER,COLUMNLETTER) values ('40','1','7','D');
Insert into AHA.SEATS (ID,AIRPLANEID,ROWNUMBER,COLUMNLETTER) values ('41','1','7','E');
Insert into AHA.SEATS (ID,AIRPLANEID,ROWNUMBER,COLUMNLETTER) values ('42','1','7','F');
Insert into AHA.SEATS (ID,AIRPLANEID,ROWNUMBER,COLUMNLETTER) values ('43','1','8','A');
Insert into AHA.SEATS (ID,AIRPLANEID,ROWNUMBER,COLUMNLETTER) values ('44','1','8','B');
Insert into AHA.SEATS (ID,AIRPLANEID,ROWNUMBER,COLUMNLETTER) values ('45','1','8','C');
Insert into AHA.SEATS (ID,AIRPLANEID,ROWNUMBER,COLUMNLETTER) values ('46','1','8','D');
Insert into AHA.SEATS (ID,AIRPLANEID,ROWNUMBER,COLUMNLETTER) values ('47','1','8','E');
Insert into AHA.SEATS (ID,AIRPLANEID,ROWNUMBER,COLUMNLETTER) values ('48','1','8','F');
Insert into AHA.SEATS (ID,AIRPLANEID,ROWNUMBER,COLUMNLETTER) values ('49','1','9','A');
Insert into AHA.SEATS (ID,AIRPLANEID,ROWNUMBER,COLUMNLETTER) values ('50','1','9','B');
Insert into AHA.SEATS (ID,AIRPLANEID,ROWNUMBER,COLUMNLETTER) values ('51','1','9','C');
Insert into AHA.SEATS (ID,AIRPLANEID,ROWNUMBER,COLUMNLETTER) values ('52','1','9','D');
Insert into AHA.SEATS (ID,AIRPLANEID,ROWNUMBER,COLUMNLETTER) values ('53','1','9','E');
Insert into AHA.SEATS (ID,AIRPLANEID,ROWNUMBER,COLUMNLETTER) values ('54','1','9','F');
Insert into AHA.SEATS (ID,AIRPLANEID,ROWNUMBER,COLUMNLETTER) values ('55','1','10','A');
Insert into AHA.SEATS (ID,AIRPLANEID,ROWNUMBER,COLUMNLETTER) values ('56','1','10','B');
Insert into AHA.SEATS (ID,AIRPLANEID,ROWNUMBER,COLUMNLETTER) values ('57','1','10','C');
Insert into AHA.SEATS (ID,AIRPLANEID,ROWNUMBER,COLUMNLETTER) values ('58','1','10','D');
Insert into AHA.SEATS (ID,AIRPLANEID,ROWNUMBER,COLUMNLETTER) values ('59','1','10','E');
Insert into AHA.SEATS (ID,AIRPLANEID,ROWNUMBER,COLUMNLETTER) values ('60','1','10','F');
Insert into AHA.SEATS (ID,AIRPLANEID,ROWNUMBER,COLUMNLETTER) values ('61','1','11','A');
Insert into AHA.SEATS (ID,AIRPLANEID,ROWNUMBER,COLUMNLETTER) values ('62','1','11','B');
Insert into AHA.SEATS (ID,AIRPLANEID,ROWNUMBER,COLUMNLETTER) values ('63','1','11','C');
Insert into AHA.SEATS (ID,AIRPLANEID,ROWNUMBER,COLUMNLETTER) values ('64','1','11','D');
Insert into AHA.SEATS (ID,AIRPLANEID,ROWNUMBER,COLUMNLETTER) values ('65','1','11','E');
Insert into AHA.SEATS (ID,AIRPLANEID,ROWNUMBER,COLUMNLETTER) values ('66','1','11','F');
Insert into AHA.SEATS (ID,AIRPLANEID,ROWNUMBER,COLUMNLETTER) values ('67','1','12','A');
Insert into AHA.SEATS (ID,AIRPLANEID,ROWNUMBER,COLUMNLETTER) values ('68','1','12','B');
Insert into AHA.SEATS (ID,AIRPLANEID,ROWNUMBER,COLUMNLETTER) values ('69','1','12','C');
Insert into AHA.SEATS (ID,AIRPLANEID,ROWNUMBER,COLUMNLETTER) values ('70','1','12','D');
Insert into AHA.SEATS (ID,AIRPLANEID,ROWNUMBER,COLUMNLETTER) values ('71','1','12','E');
Insert into AHA.SEATS (ID,AIRPLANEID,ROWNUMBER,COLUMNLETTER) values ('72','1','12','F');
Insert into AHA.SEATS (ID,AIRPLANEID,ROWNUMBER,COLUMNLETTER) values ('73','1','13','A');
Insert into AHA.SEATS (ID,AIRPLANEID,ROWNUMBER,COLUMNLETTER) values ('74','1','13','B');
Insert into AHA.SEATS (ID,AIRPLANEID,ROWNUMBER,COLUMNLETTER) values ('75','1','13','C');
Insert into AHA.SEATS (ID,AIRPLANEID,ROWNUMBER,COLUMNLETTER) values ('76','1','13','D');
Insert into AHA.SEATS (ID,AIRPLANEID,ROWNUMBER,COLUMNLETTER) values ('77','1','13','E');
Insert into AHA.SEATS (ID,AIRPLANEID,ROWNUMBER,COLUMNLETTER) values ('78','1','13','F');
Insert into AHA.SEATS (ID,AIRPLANEID,ROWNUMBER,COLUMNLETTER) values ('79','1','14','A');
Insert into AHA.SEATS (ID,AIRPLANEID,ROWNUMBER,COLUMNLETTER) values ('80','1','14','B');
Insert into AHA.SEATS (ID,AIRPLANEID,ROWNUMBER,COLUMNLETTER) values ('81','1','14','C');
Insert into AHA.SEATS (ID,AIRPLANEID,ROWNUMBER,COLUMNLETTER) values ('82','1','14','D');
Insert into AHA.SEATS (ID,AIRPLANEID,ROWNUMBER,COLUMNLETTER) values ('83','1','14','E');
Insert into AHA.SEATS (ID,AIRPLANEID,ROWNUMBER,COLUMNLETTER) values ('84','1','14','F');
Insert into AHA.SEATS (ID,AIRPLANEID,ROWNUMBER,COLUMNLETTER) values ('85','1','15','A');
Insert into AHA.SEATS (ID,AIRPLANEID,ROWNUMBER,COLUMNLETTER) values ('86','1','15','B');
Insert into AHA.SEATS (ID,AIRPLANEID,ROWNUMBER,COLUMNLETTER) values ('87','1','15','C');
Insert into AHA.SEATS (ID,AIRPLANEID,ROWNUMBER,COLUMNLETTER) values ('88','1','15','D');
Insert into AHA.SEATS (ID,AIRPLANEID,ROWNUMBER,COLUMNLETTER) values ('89','1','15','E');
Insert into AHA.SEATS (ID,AIRPLANEID,ROWNUMBER,COLUMNLETTER) values ('90','1','15','F');
Insert into AHA.SEATS (ID,AIRPLANEID,ROWNUMBER,COLUMNLETTER) values ('91','2','1','A');
Insert into AHA.SEATS (ID,AIRPLANEID,ROWNUMBER,COLUMNLETTER) values ('92','2','1','B');
Insert into AHA.SEATS (ID,AIRPLANEID,ROWNUMBER,COLUMNLETTER) values ('93','2','1','C');
Insert into AHA.SEATS (ID,AIRPLANEID,ROWNUMBER,COLUMNLETTER) values ('94','2','1','D');
Insert into AHA.SEATS (ID,AIRPLANEID,ROWNUMBER,COLUMNLETTER) values ('95','2','1','E');
Insert into AHA.SEATS (ID,AIRPLANEID,ROWNUMBER,COLUMNLETTER) values ('96','2','1','F');
Insert into AHA.SEATS (ID,AIRPLANEID,ROWNUMBER,COLUMNLETTER) values ('97','2','2','A');
Insert into AHA.SEATS (ID,AIRPLANEID,ROWNUMBER,COLUMNLETTER) values ('98','2','2','B');
Insert into AHA.SEATS (ID,AIRPLANEID,ROWNUMBER,COLUMNLETTER) values ('99','2','2','C');
Insert into AHA.SEATS (ID,AIRPLANEID,ROWNUMBER,COLUMNLETTER) values ('100','2','2','D');
Insert into AHA.SEATS (ID,AIRPLANEID,ROWNUMBER,COLUMNLETTER) values ('101','2','2','E');
Insert into AHA.SEATS (ID,AIRPLANEID,ROWNUMBER,COLUMNLETTER) values ('102','2','2','F');
Insert into AHA.SEATS (ID,AIRPLANEID,ROWNUMBER,COLUMNLETTER) values ('103','2','3','A');
Insert into AHA.SEATS (ID,AIRPLANEID,ROWNUMBER,COLUMNLETTER) values ('104','2','3','B');
Insert into AHA.SEATS (ID,AIRPLANEID,ROWNUMBER,COLUMNLETTER) values ('105','2','3','C');
Insert into AHA.SEATS (ID,AIRPLANEID,ROWNUMBER,COLUMNLETTER) values ('106','2','3','D');
Insert into AHA.SEATS (ID,AIRPLANEID,ROWNUMBER,COLUMNLETTER) values ('107','2','3','E');
Insert into AHA.SEATS (ID,AIRPLANEID,ROWNUMBER,COLUMNLETTER) values ('108','2','3','F');
Insert into AHA.SEATS (ID,AIRPLANEID,ROWNUMBER,COLUMNLETTER) values ('109','2','4','A');
Insert into AHA.SEATS (ID,AIRPLANEID,ROWNUMBER,COLUMNLETTER) values ('110','2','4','B');
Insert into AHA.SEATS (ID,AIRPLANEID,ROWNUMBER,COLUMNLETTER) values ('111','2','4','C');
Insert into AHA.SEATS (ID,AIRPLANEID,ROWNUMBER,COLUMNLETTER) values ('112','2','4','D');
Insert into AHA.SEATS (ID,AIRPLANEID,ROWNUMBER,COLUMNLETTER) values ('113','2','4','E');
Insert into AHA.SEATS (ID,AIRPLANEID,ROWNUMBER,COLUMNLETTER) values ('114','2','4','F');
Insert into AHA.SEATS (ID,AIRPLANEID,ROWNUMBER,COLUMNLETTER) values ('115','2','5','A');
Insert into AHA.SEATS (ID,AIRPLANEID,ROWNUMBER,COLUMNLETTER) values ('116','2','5','B');
Insert into AHA.SEATS (ID,AIRPLANEID,ROWNUMBER,COLUMNLETTER) values ('117','2','5','C');
Insert into AHA.SEATS (ID,AIRPLANEID,ROWNUMBER,COLUMNLETTER) values ('118','2','5','D');
Insert into AHA.SEATS (ID,AIRPLANEID,ROWNUMBER,COLUMNLETTER) values ('119','2','5','E');
Insert into AHA.SEATS (ID,AIRPLANEID,ROWNUMBER,COLUMNLETTER) values ('120','2','5','F');
Insert into AHA.SEATS (ID,AIRPLANEID,ROWNUMBER,COLUMNLETTER) values ('121','2','6','A');
Insert into AHA.SEATS (ID,AIRPLANEID,ROWNUMBER,COLUMNLETTER) values ('122','2','6','B');
Insert into AHA.SEATS (ID,AIRPLANEID,ROWNUMBER,COLUMNLETTER) values ('123','2','6','C');
Insert into AHA.SEATS (ID,AIRPLANEID,ROWNUMBER,COLUMNLETTER) values ('124','2','6','D');
Insert into AHA.SEATS (ID,AIRPLANEID,ROWNUMBER,COLUMNLETTER) values ('125','2','6','E');
Insert into AHA.SEATS (ID,AIRPLANEID,ROWNUMBER,COLUMNLETTER) values ('126','2','6','F');
Insert into AHA.SEATS (ID,AIRPLANEID,ROWNUMBER,COLUMNLETTER) values ('127','2','7','A');
Insert into AHA.SEATS (ID,AIRPLANEID,ROWNUMBER,COLUMNLETTER) values ('128','2','7','B');
Insert into AHA.SEATS (ID,AIRPLANEID,ROWNUMBER,COLUMNLETTER) values ('129','2','7','C');
Insert into AHA.SEATS (ID,AIRPLANEID,ROWNUMBER,COLUMNLETTER) values ('130','2','7','D');
Insert into AHA.SEATS (ID,AIRPLANEID,ROWNUMBER,COLUMNLETTER) values ('131','2','7','E');
Insert into AHA.SEATS (ID,AIRPLANEID,ROWNUMBER,COLUMNLETTER) values ('132','2','7','F');
Insert into AHA.SEATS (ID,AIRPLANEID,ROWNUMBER,COLUMNLETTER) values ('133','2','8','A');
Insert into AHA.SEATS (ID,AIRPLANEID,ROWNUMBER,COLUMNLETTER) values ('134','2','8','B');
Insert into AHA.SEATS (ID,AIRPLANEID,ROWNUMBER,COLUMNLETTER) values ('135','2','8','C');
Insert into AHA.SEATS (ID,AIRPLANEID,ROWNUMBER,COLUMNLETTER) values ('136','2','8','D');
Insert into AHA.SEATS (ID,AIRPLANEID,ROWNUMBER,COLUMNLETTER) values ('137','2','8','E');
Insert into AHA.SEATS (ID,AIRPLANEID,ROWNUMBER,COLUMNLETTER) values ('138','2','8','F');
Insert into AHA.SEATS (ID,AIRPLANEID,ROWNUMBER,COLUMNLETTER) values ('139','2','9','A');
Insert into AHA.SEATS (ID,AIRPLANEID,ROWNUMBER,COLUMNLETTER) values ('140','2','9','B');
Insert into AHA.SEATS (ID,AIRPLANEID,ROWNUMBER,COLUMNLETTER) values ('141','2','9','C');
Insert into AHA.SEATS (ID,AIRPLANEID,ROWNUMBER,COLUMNLETTER) values ('142','2','9','D');
Insert into AHA.SEATS (ID,AIRPLANEID,ROWNUMBER,COLUMNLETTER) values ('143','2','9','E');
Insert into AHA.SEATS (ID,AIRPLANEID,ROWNUMBER,COLUMNLETTER) values ('144','2','9','F');
Insert into AHA.SEATS (ID,AIRPLANEID,ROWNUMBER,COLUMNLETTER) values ('145','2','10','A');
Insert into AHA.SEATS (ID,AIRPLANEID,ROWNUMBER,COLUMNLETTER) values ('146','2','10','B');
Insert into AHA.SEATS (ID,AIRPLANEID,ROWNUMBER,COLUMNLETTER) values ('147','2','10','C');
Insert into AHA.SEATS (ID,AIRPLANEID,ROWNUMBER,COLUMNLETTER) values ('148','2','10','D');
Insert into AHA.SEATS (ID,AIRPLANEID,ROWNUMBER,COLUMNLETTER) values ('149','2','10','E');
Insert into AHA.SEATS (ID,AIRPLANEID,ROWNUMBER,COLUMNLETTER) values ('150','2','10','F');
Insert into AHA.SEATS (ID,AIRPLANEID,ROWNUMBER,COLUMNLETTER) values ('151','3','1','A');
Insert into AHA.SEATS (ID,AIRPLANEID,ROWNUMBER,COLUMNLETTER) values ('152','3','1','B');
Insert into AHA.SEATS (ID,AIRPLANEID,ROWNUMBER,COLUMNLETTER) values ('153','3','1','C');
Insert into AHA.SEATS (ID,AIRPLANEID,ROWNUMBER,COLUMNLETTER) values ('154','3','1','D');
Insert into AHA.SEATS (ID,AIRPLANEID,ROWNUMBER,COLUMNLETTER) values ('155','3','1','E');
Insert into AHA.SEATS (ID,AIRPLANEID,ROWNUMBER,COLUMNLETTER) values ('156','3','1','F');
Insert into AHA.SEATS (ID,AIRPLANEID,ROWNUMBER,COLUMNLETTER) values ('157','3','2','A');
Insert into AHA.SEATS (ID,AIRPLANEID,ROWNUMBER,COLUMNLETTER) values ('158','3','2','C');
Insert into AHA.SEATS (ID,AIRPLANEID,ROWNUMBER,COLUMNLETTER) values ('159','3','2','D');
Insert into AHA.SEATS (ID,AIRPLANEID,ROWNUMBER,COLUMNLETTER) values ('160','3','2','F');
--------------------------------------------------------
--  DDL for Index AIRPLANE_PK
--------------------------------------------------------

  CREATE UNIQUE INDEX "AHA"."AIRPLANE_PK" ON "AHA"."AIRPLANES" ("ID") 
  PCTFREE 10 INITRANS 2 MAXTRANS 255 COMPUTE STATISTICS 
  STORAGE(INITIAL 65536 NEXT 1048576 MINEXTENTS 1 MAXEXTENTS 2147483645
  PCTINCREASE 0 FREELISTS 1 FREELIST GROUPS 1 BUFFER_POOL DEFAULT FLASH_CACHE DEFAULT CELL_FLASH_CACHE DEFAULT)
  TABLESPACE "USERS" ;
--------------------------------------------------------
--  DDL for Index AIRPORTS_PK
--------------------------------------------------------

  CREATE UNIQUE INDEX "AHA"."AIRPORTS_PK" ON "AHA"."AIRPORTS" ("CODE") 
  PCTFREE 10 INITRANS 2 MAXTRANS 255 COMPUTE STATISTICS 
  STORAGE(INITIAL 65536 NEXT 1048576 MINEXTENTS 1 MAXEXTENTS 2147483645
  PCTINCREASE 0 FREELISTS 1 FREELIST GROUPS 1 BUFFER_POOL DEFAULT FLASH_CACHE DEFAULT CELL_FLASH_CACHE DEFAULT)
  TABLESPACE "USERS" ;
--------------------------------------------------------
--  DDL for Index BOOKINGS_PK
--------------------------------------------------------

  CREATE UNIQUE INDEX "AHA"."BOOKINGS_PK" ON "AHA"."BOOKINGS" ("BOOKINGREFERENCE") 
  PCTFREE 10 INITRANS 2 MAXTRANS 255 COMPUTE STATISTICS 
  STORAGE(INITIAL 65536 NEXT 1048576 MINEXTENTS 1 MAXEXTENTS 2147483645
  PCTINCREASE 0 FREELISTS 1 FREELIST GROUPS 1 BUFFER_POOL DEFAULT FLASH_CACHE DEFAULT CELL_FLASH_CACHE DEFAULT)
  TABLESPACE "USERS" ;
--------------------------------------------------------
--  DDL for Index FLIGHTS_PK
--------------------------------------------------------

  CREATE UNIQUE INDEX "AHA"."FLIGHTS_PK" ON "AHA"."FLIGHTS" ("ID") 
  PCTFREE 10 INITRANS 2 MAXTRANS 255 COMPUTE STATISTICS 
  STORAGE(INITIAL 65536 NEXT 1048576 MINEXTENTS 1 MAXEXTENTS 2147483645
  PCTINCREASE 0 FREELISTS 1 FREELIST GROUPS 1 BUFFER_POOL DEFAULT FLASH_CACHE DEFAULT CELL_FLASH_CACHE DEFAULT)
  TABLESPACE "USERS" ;
--------------------------------------------------------
--  DDL for Index PASSENGER_PK
--------------------------------------------------------

  CREATE UNIQUE INDEX "AHA"."PASSENGER_PK" ON "AHA"."PASSENGERS" ("ID") 
  PCTFREE 10 INITRANS 2 MAXTRANS 255 COMPUTE STATISTICS 
  STORAGE(INITIAL 65536 NEXT 1048576 MINEXTENTS 1 MAXEXTENTS 2147483645
  PCTINCREASE 0 FREELISTS 1 FREELIST GROUPS 1 BUFFER_POOL DEFAULT FLASH_CACHE DEFAULT CELL_FLASH_CACHE DEFAULT)
  TABLESPACE "USERS" ;
--------------------------------------------------------
--  DDL for Index SEAT_PK
--------------------------------------------------------

  CREATE UNIQUE INDEX "AHA"."SEAT_PK" ON "AHA"."SEATS" ("ID") 
  PCTFREE 10 INITRANS 2 MAXTRANS 255 COMPUTE STATISTICS 
  STORAGE(INITIAL 65536 NEXT 1048576 MINEXTENTS 1 MAXEXTENTS 2147483645
  PCTINCREASE 0 FREELISTS 1 FREELIST GROUPS 1 BUFFER_POOL DEFAULT FLASH_CACHE DEFAULT CELL_FLASH_CACHE DEFAULT)
  TABLESPACE "USERS" ;
--------------------------------------------------------
--  DDL for Index SEAT_UK1
--------------------------------------------------------

  CREATE UNIQUE INDEX "AHA"."SEAT_UK1" ON "AHA"."SEATS" ("AIRPLANEID", "ROWNUMBER", "COLUMNLETTER") 
  PCTFREE 10 INITRANS 2 MAXTRANS 255 COMPUTE STATISTICS 
  STORAGE(INITIAL 65536 NEXT 1048576 MINEXTENTS 1 MAXEXTENTS 2147483645
  PCTINCREASE 0 FREELISTS 1 FREELIST GROUPS 1 BUFFER_POOL DEFAULT FLASH_CACHE DEFAULT CELL_FLASH_CACHE DEFAULT)
  TABLESPACE "USERS" ;
--------------------------------------------------------
--  Constraints for Table AIRPLANES
--------------------------------------------------------

  ALTER TABLE "AHA"."AIRPLANES" ADD CONSTRAINT "AIRPLANE_PK" PRIMARY KEY ("ID")
  USING INDEX PCTFREE 10 INITRANS 2 MAXTRANS 255 COMPUTE STATISTICS 
  STORAGE(INITIAL 65536 NEXT 1048576 MINEXTENTS 1 MAXEXTENTS 2147483645
  PCTINCREASE 0 FREELISTS 1 FREELIST GROUPS 1 BUFFER_POOL DEFAULT FLASH_CACHE DEFAULT CELL_FLASH_CACHE DEFAULT)
  TABLESPACE "USERS"  ENABLE;
  ALTER TABLE "AHA"."AIRPLANES" MODIFY ("MODEL" NOT NULL ENABLE);
  ALTER TABLE "AHA"."AIRPLANES" MODIFY ("MAXDISTANCE" NOT NULL ENABLE);
  ALTER TABLE "AHA"."AIRPLANES" MODIFY ("ID" NOT NULL ENABLE);
--------------------------------------------------------
--  Constraints for Table AIRPORTS
--------------------------------------------------------

  ALTER TABLE "AHA"."AIRPORTS" ADD CONSTRAINT "AIRPORTS_PK" PRIMARY KEY ("CODE")
  USING INDEX PCTFREE 10 INITRANS 2 MAXTRANS 255 COMPUTE STATISTICS 
  STORAGE(INITIAL 65536 NEXT 1048576 MINEXTENTS 1 MAXEXTENTS 2147483645
  PCTINCREASE 0 FREELISTS 1 FREELIST GROUPS 1 BUFFER_POOL DEFAULT FLASH_CACHE DEFAULT CELL_FLASH_CACHE DEFAULT)
  TABLESPACE "USERS"  ENABLE;
  ALTER TABLE "AHA"."AIRPORTS" MODIFY ("CITY" NOT NULL ENABLE);
  ALTER TABLE "AHA"."AIRPORTS" MODIFY ("CODE" NOT NULL ENABLE);
--------------------------------------------------------
--  Constraints for Table BOOKINGS
--------------------------------------------------------

  ALTER TABLE "AHA"."BOOKINGS" ADD CONSTRAINT "BOOKINGS_PK" PRIMARY KEY ("BOOKINGREFERENCE")
  USING INDEX PCTFREE 10 INITRANS 2 MAXTRANS 255 COMPUTE STATISTICS 
  STORAGE(INITIAL 65536 NEXT 1048576 MINEXTENTS 1 MAXEXTENTS 2147483645
  PCTINCREASE 0 FREELISTS 1 FREELIST GROUPS 1 BUFFER_POOL DEFAULT FLASH_CACHE DEFAULT CELL_FLASH_CACHE DEFAULT)
  TABLESPACE "USERS"  ENABLE;
  ALTER TABLE "AHA"."BOOKINGS" MODIFY ("PASSENGERID" NOT NULL ENABLE);
  ALTER TABLE "AHA"."BOOKINGS" MODIFY ("FLIGHTID" NOT NULL ENABLE);
  ALTER TABLE "AHA"."BOOKINGS" MODIFY ("SEATID" NOT NULL ENABLE);
  ALTER TABLE "AHA"."BOOKINGS" MODIFY ("BOOKINGREFERENCE" NOT NULL ENABLE);
--------------------------------------------------------
--  Constraints for Table EMPLOYEES
--------------------------------------------------------

  ALTER TABLE "AHA"."EMPLOYEES" MODIFY ("NAME" NOT NULL ENABLE);
  ALTER TABLE "AHA"."EMPLOYEES" MODIFY ("EMAIL" NOT NULL ENABLE);
  ALTER TABLE "AHA"."EMPLOYEES" MODIFY ("ID" NOT NULL ENABLE);
--------------------------------------------------------
--  Constraints for Table FLIGHTS
--------------------------------------------------------

  ALTER TABLE "AHA"."FLIGHTS" ADD CONSTRAINT "FLIGHTS_PK" PRIMARY KEY ("ID")
  USING INDEX PCTFREE 10 INITRANS 2 MAXTRANS 255 COMPUTE STATISTICS 
  STORAGE(INITIAL 65536 NEXT 1048576 MINEXTENTS 1 MAXEXTENTS 2147483645
  PCTINCREASE 0 FREELISTS 1 FREELIST GROUPS 1 BUFFER_POOL DEFAULT FLASH_CACHE DEFAULT CELL_FLASH_CACHE DEFAULT)
  TABLESPACE "USERS"  ENABLE;
  ALTER TABLE "AHA"."FLIGHTS" MODIFY ("AIRPLANEID" NOT NULL ENABLE);
  ALTER TABLE "AHA"."FLIGHTS" MODIFY ("TOID" NOT NULL ENABLE);
  ALTER TABLE "AHA"."FLIGHTS" MODIFY ("FROMID" NOT NULL ENABLE);
  ALTER TABLE "AHA"."FLIGHTS" MODIFY ("FLIGHTDURATION" NOT NULL ENABLE);
  ALTER TABLE "AHA"."FLIGHTS" MODIFY ("DEPARTURE" NOT NULL ENABLE);
  ALTER TABLE "AHA"."FLIGHTS" MODIFY ("FLIGHTNUMBER" NOT NULL ENABLE);
  ALTER TABLE "AHA"."FLIGHTS" MODIFY ("ID" NOT NULL ENABLE);
--------------------------------------------------------
--  Constraints for Table PASSENGERS
--------------------------------------------------------

  ALTER TABLE "AHA"."PASSENGERS" ADD CONSTRAINT "PASSENGER_PK" PRIMARY KEY ("ID")
  USING INDEX PCTFREE 10 INITRANS 2 MAXTRANS 255 COMPUTE STATISTICS 
  STORAGE(INITIAL 65536 NEXT 1048576 MINEXTENTS 1 MAXEXTENTS 2147483645
  PCTINCREASE 0 FREELISTS 1 FREELIST GROUPS 1 BUFFER_POOL DEFAULT FLASH_CACHE DEFAULT CELL_FLASH_CACHE DEFAULT)
  TABLESPACE "USERS"  ENABLE;
  ALTER TABLE "AHA"."PASSENGERS" MODIFY ("EMAIL" NOT NULL ENABLE);
  ALTER TABLE "AHA"."PASSENGERS" MODIFY ("NAME" NOT NULL ENABLE);
  ALTER TABLE "AHA"."PASSENGERS" MODIFY ("ID" NOT NULL ENABLE);
--------------------------------------------------------
--  Constraints for Table SEATS
--------------------------------------------------------

  ALTER TABLE "AHA"."SEATS" ADD CONSTRAINT "SEAT_UK1" UNIQUE ("AIRPLANEID", "ROWNUMBER", "COLUMNLETTER")
  USING INDEX PCTFREE 10 INITRANS 2 MAXTRANS 255 COMPUTE STATISTICS 
  STORAGE(INITIAL 65536 NEXT 1048576 MINEXTENTS 1 MAXEXTENTS 2147483645
  PCTINCREASE 0 FREELISTS 1 FREELIST GROUPS 1 BUFFER_POOL DEFAULT FLASH_CACHE DEFAULT CELL_FLASH_CACHE DEFAULT)
  TABLESPACE "USERS"  ENABLE;
  ALTER TABLE "AHA"."SEATS" ADD CONSTRAINT "SEAT_PK" PRIMARY KEY ("ID")
  USING INDEX PCTFREE 10 INITRANS 2 MAXTRANS 255 COMPUTE STATISTICS 
  STORAGE(INITIAL 65536 NEXT 1048576 MINEXTENTS 1 MAXEXTENTS 2147483645
  PCTINCREASE 0 FREELISTS 1 FREELIST GROUPS 1 BUFFER_POOL DEFAULT FLASH_CACHE DEFAULT CELL_FLASH_CACHE DEFAULT)
  TABLESPACE "USERS"  ENABLE;
  ALTER TABLE "AHA"."SEATS" MODIFY ("COLUMNLETTER" NOT NULL ENABLE);
  ALTER TABLE "AHA"."SEATS" MODIFY ("ROWNUMBER" NOT NULL ENABLE);
  ALTER TABLE "AHA"."SEATS" MODIFY ("AIRPLANEID" NOT NULL ENABLE);
  ALTER TABLE "AHA"."SEATS" MODIFY ("ID" NOT NULL ENABLE);
--------------------------------------------------------
--  Ref Constraints for Table BOOKINGS
--------------------------------------------------------

  ALTER TABLE "AHA"."BOOKINGS" ADD CONSTRAINT "BOOKINGS_FK1" FOREIGN KEY ("SEATID")
	  REFERENCES "AHA"."SEATS" ("ID") ON DELETE CASCADE ENABLE;
  ALTER TABLE "AHA"."BOOKINGS" ADD CONSTRAINT "BOOKINGS_FK2" FOREIGN KEY ("SEATID")
	  REFERENCES "AHA"."FLIGHTS" ("ID") ON DELETE CASCADE ENABLE;
  ALTER TABLE "AHA"."BOOKINGS" ADD CONSTRAINT "BOOKINGS_FK3" FOREIGN KEY ("PASSENGERID")
	  REFERENCES "AHA"."PASSENGERS" ("ID") ON DELETE CASCADE ENABLE;
--------------------------------------------------------
--  Ref Constraints for Table FLIGHTS
--------------------------------------------------------

  ALTER TABLE "AHA"."FLIGHTS" ADD CONSTRAINT "FLIGHTS_FK1" FOREIGN KEY ("AIRPLANEID")
	  REFERENCES "AHA"."AIRPLANES" ("ID") ON DELETE CASCADE ENABLE;
  ALTER TABLE "AHA"."FLIGHTS" ADD CONSTRAINT "FLIGHTS_FK2" FOREIGN KEY ("FROMID")
	  REFERENCES "AHA"."AIRPORTS" ("CODE") ENABLE;
  ALTER TABLE "AHA"."FLIGHTS" ADD CONSTRAINT "FLIGHTS_FK3" FOREIGN KEY ("TOID")
	  REFERENCES "AHA"."AIRPORTS" ("CODE") ENABLE;
--------------------------------------------------------
--  Ref Constraints for Table SEATS
--------------------------------------------------------

  ALTER TABLE "AHA"."SEATS" ADD CONSTRAINT "SEAT_FK1" FOREIGN KEY ("AIRPLANEID")
	  REFERENCES "AHA"."AIRPLANES" ("ID") ON DELETE CASCADE ENABLE;
