--------------------------------------------------------
--  File created - kedd-október-18-2016   
--------------------------------------------------------
DROP TABLE "AHA"."AIRPLANES";
DROP TABLE "AHA"."AIRPORTS";
DROP TABLE "AHA"."BOOKINGS";
DROP TABLE "AHA"."EMPLOYEES";
DROP TABLE "AHA"."FLIGHTS";
DROP TABLE "AHA"."PASSENGERS";
DROP TABLE "AHA"."SEATS";
--------------------------------------------------------
--  DDL for Table AIRPLANES
--------------------------------------------------------

  CREATE TABLE "AHA"."AIRPLANES" 
   (	"ID" NUMBER, 
	"MAXDISTANCE" NUMBER DEFAULT 10000, 
	"MODEL" VARCHAR2(20)
   ) SEGMENT CREATION IMMEDIATE 
  PCTFREE 10 PCTUSED 40 INITRANS 1 MAXTRANS 255 NOCOMPRESS LOGGING
  STORAGE(INITIAL 65536 NEXT 1048576 MINEXTENTS 1 MAXEXTENTS 2147483645
  PCTINCREASE 0 FREELISTS 1 FREELIST GROUPS 1 BUFFER_POOL DEFAULT FLASH_CACHE DEFAULT CELL_FLASH_CACHE DEFAULT)
  TABLESPACE "USERS" ;
--------------------------------------------------------
--  DDL for Table AIRPORTS
--------------------------------------------------------

  CREATE TABLE "AHA"."AIRPORTS" 
   (	"CODE" CHAR(3), 
	"CITY" VARCHAR2(30)
   ) SEGMENT CREATION IMMEDIATE 
  PCTFREE 10 PCTUSED 40 INITRANS 1 MAXTRANS 255 NOCOMPRESS LOGGING
  STORAGE(INITIAL 65536 NEXT 1048576 MINEXTENTS 1 MAXEXTENTS 2147483645
  PCTINCREASE 0 FREELISTS 1 FREELIST GROUPS 1 BUFFER_POOL DEFAULT FLASH_CACHE DEFAULT CELL_FLASH_CACHE DEFAULT)
  TABLESPACE "USERS" ;
--------------------------------------------------------
--  DDL for Table BOOKINGS
--------------------------------------------------------

  CREATE TABLE "AHA"."BOOKINGS" 
   (	"BOOKINGREFERENCE" VARCHAR2(20), 
	"SEATID" NUMBER, 
	"PASSENGERID" NUMBER, 
	"APPROVED" NUMBER(1,0) DEFAULT 0, 
	"FLIGHTID" NUMBER, 
	"BAGGAGE" NUMBER(1,0), 
	"TICKETTYPE" NUMBER(1,0)
   ) SEGMENT CREATION IMMEDIATE 
  PCTFREE 10 PCTUSED 40 INITRANS 1 MAXTRANS 255 NOCOMPRESS LOGGING
  STORAGE(INITIAL 65536 NEXT 1048576 MINEXTENTS 1 MAXEXTENTS 2147483645
  PCTINCREASE 0 FREELISTS 1 FREELIST GROUPS 1 BUFFER_POOL DEFAULT FLASH_CACHE DEFAULT CELL_FLASH_CACHE DEFAULT)
  TABLESPACE "USERS" ;
--------------------------------------------------------
--  DDL for Table EMPLOYEES
--------------------------------------------------------

  CREATE TABLE "AHA"."EMPLOYEES" 
   (	"ID" NUMBER(10,0), 
	"NAME" VARCHAR2(30), 
	"EMAIL" VARCHAR2(30), 
	"ROLE" CHAR(1)
   ) SEGMENT CREATION IMMEDIATE 
  PCTFREE 10 PCTUSED 40 INITRANS 1 MAXTRANS 255 NOCOMPRESS LOGGING
  STORAGE(INITIAL 65536 NEXT 1048576 MINEXTENTS 1 MAXEXTENTS 2147483645
  PCTINCREASE 0 FREELISTS 1 FREELIST GROUPS 1 BUFFER_POOL DEFAULT FLASH_CACHE DEFAULT CELL_FLASH_CACHE DEFAULT)
  TABLESPACE "USERS" ;
--------------------------------------------------------
--  DDL for Table FLIGHTS
--------------------------------------------------------

  CREATE TABLE "AHA"."FLIGHTS" 
   (	"ID" NUMBER, 
	"FLIGHTNUMBER" VARCHAR2(20), 
	"DEPARTURE" TIMESTAMP (6), 
	"FLIGHTDURATION" NUMBER, 
	"FROMID" CHAR(3), 
	"TOID" CHAR(3), 
	"AIRPLANEID" NUMBER, 
	"BASICPRICE" NUMBER DEFAULT 50000
   ) SEGMENT CREATION IMMEDIATE 
  PCTFREE 10 PCTUSED 40 INITRANS 1 MAXTRANS 255 NOCOMPRESS LOGGING
  STORAGE(INITIAL 65536 NEXT 1048576 MINEXTENTS 1 MAXEXTENTS 2147483645
  PCTINCREASE 0 FREELISTS 1 FREELIST GROUPS 1 BUFFER_POOL DEFAULT FLASH_CACHE DEFAULT CELL_FLASH_CACHE DEFAULT)
  TABLESPACE "USERS" ;

   COMMENT ON COLUMN "AHA"."FLIGHTS"."FLIGHTDURATION" IS 'Duration of flight in minutes';
--------------------------------------------------------
--  DDL for Table PASSENGERS
--------------------------------------------------------

  CREATE TABLE "AHA"."PASSENGERS" 
   (	"ID" NUMBER, 
	"NAME" VARCHAR2(40), 
	"EMAIL" VARCHAR2(50), 
	"VIP" NUMBER(1,0) DEFAULT 0
   ) SEGMENT CREATION IMMEDIATE 
  PCTFREE 10 PCTUSED 40 INITRANS 1 MAXTRANS 255 NOCOMPRESS LOGGING
  STORAGE(INITIAL 65536 NEXT 1048576 MINEXTENTS 1 MAXEXTENTS 2147483645
  PCTINCREASE 0 FREELISTS 1 FREELIST GROUPS 1 BUFFER_POOL DEFAULT FLASH_CACHE DEFAULT CELL_FLASH_CACHE DEFAULT)
  TABLESPACE "USERS" ;
--------------------------------------------------------
--  DDL for Table SEATS
--------------------------------------------------------

  CREATE TABLE "AHA"."SEATS" 
   (	"ID" NUMBER, 
	"AIRPLANEID" NUMBER, 
	"ROWNUMBER" NUMBER, 
	"COLUMNLETTER" CHAR(1), 
	"MULTIPLIER" FLOAT(126) DEFAULT 1
   ) SEGMENT CREATION IMMEDIATE 
  PCTFREE 10 PCTUSED 40 INITRANS 1 MAXTRANS 255 NOCOMPRESS LOGGING
  STORAGE(INITIAL 65536 NEXT 1048576 MINEXTENTS 1 MAXEXTENTS 2147483645
  PCTINCREASE 0 FREELISTS 1 FREELIST GROUPS 1 BUFFER_POOL DEFAULT FLASH_CACHE DEFAULT CELL_FLASH_CACHE DEFAULT)
  TABLESPACE "USERS" ;
REM INSERTING into AHA.AIRPLANES
SET DEFINE OFF;
Insert into AHA.AIRPLANES (ID,MAXDISTANCE,MODEL) values ('1','5000','Boeing747');
Insert into AHA.AIRPLANES (ID,MAXDISTANCE,MODEL) values ('2','10000','Airbus A320');
Insert into AHA.AIRPLANES (ID,MAXDISTANCE,MODEL) values ('3','100000000','Milleneum Falcon');
REM INSERTING into AHA.AIRPORTS
SET DEFINE OFF;
Insert into AHA.AIRPORTS (CODE,CITY) values ('BUD','Budapest');
Insert into AHA.AIRPORTS (CODE,CITY) values ('DUB','Dublin');
Insert into AHA.AIRPORTS (CODE,CITY) values ('NAN','Nantes');
Insert into AHA.AIRPORTS (CODE,CITY) values ('LHR','London');
Insert into AHA.AIRPORTS (CODE,CITY) values ('IAD','Washington');
Insert into AHA.AIRPORTS (CODE,CITY) values ('NRT','Tokyo');
Insert into AHA.AIRPORTS (CODE,CITY) values ('BCN','Barcelona');
Insert into AHA.AIRPORTS (CODE,CITY) values ('MAD','Madrid');
Insert into AHA.AIRPORTS (CODE,CITY) values ('CRL','Brüsszel');
Insert into AHA.AIRPORTS (CODE,CITY) values ('BER','Berlin');
REM INSERTING into AHA.BOOKINGS
SET DEFINE OFF;
Insert into AHA.BOOKINGS (BOOKINGREFERENCE,SEATID,PASSENGERID,APPROVED,FLIGHTID,BAGGAGE,TICKETTYPE) values ('AHA7355novktddm0ufb1','54','7','1','10','3','1');
Insert into AHA.BOOKINGS (BOOKINGREFERENCE,SEATID,PASSENGERID,APPROVED,FLIGHTID,BAGGAGE,TICKETTYPE) values ('AHA11164jolbp8aase13','59','8','1','46','1','0');
Insert into AHA.BOOKINGS (BOOKINGREFERENCE,SEATID,PASSENGERID,APPROVED,FLIGHTID,BAGGAGE,TICKETTYPE) values ('AHA1116h1kc4oth0f6b1','24','8','1','46','1','0');
Insert into AHA.BOOKINGS (BOOKINGREFERENCE,SEATID,PASSENGERID,APPROVED,FLIGHTID,BAGGAGE,TICKETTYPE) values ('AHA73664osdk3uvmspis','144','7','1','11','3','1');
Insert into AHA.BOOKINGS (BOOKINGREFERENCE,SEATID,PASSENGERID,APPROVED,FLIGHTID,BAGGAGE,TICKETTYPE) values ('AHA1116ssdam920a17i5','18','8','1','46','2','0');
Insert into AHA.BOOKINGS (BOOKINGREFERENCE,SEATID,PASSENGERID,APPROVED,FLIGHTID,BAGGAGE,TICKETTYPE) values ('AHA7555nc45lrjj6farh','113','8','0','5','0','0');
Insert into AHA.BOOKINGS (BOOKINGREFERENCE,SEATID,PASSENGERID,APPROVED,FLIGHTID,BAGGAGE,TICKETTYPE) values ('AHA1116v09lllvh5i39l','37','8','1','46','1','0');
Insert into AHA.BOOKINGS (BOOKINGREFERENCE,SEATID,PASSENGERID,APPROVED,FLIGHTID,BAGGAGE,TICKETTYPE) values ('AHA11123a2gtg1dgs5la','43','7','1','42','0','0');
REM INSERTING into AHA.EMPLOYEES
SET DEFINE OFF;
Insert into AHA.EMPLOYEES (ID,NAME,EMAIL,ROLE) values ('6','Bernot Helga','helga.anett@gmail.com','a');
Insert into AHA.EMPLOYEES (ID,NAME,EMAIL,ROLE) values ('1','Johny Cash','johny@cash.com','a');
Insert into AHA.EMPLOYEES (ID,NAME,EMAIL,ROLE) values ('2','Silver Light','silver@light.com','c');
Insert into AHA.EMPLOYEES (ID,NAME,EMAIL,ROLE) values ('3','Golden Brownie','golden@brownie.com','o');
Insert into AHA.EMPLOYEES (ID,NAME,EMAIL,ROLE) values ('4','Yellow Pages','yellow@pages.com','c');
Insert into AHA.EMPLOYEES (ID,NAME,EMAIL,ROLE) values ('5','Blue Dark','blue@dark.com','a');
REM INSERTING into AHA.FLIGHTS
SET DEFINE OFF;
Insert into AHA.FLIGHTS (ID,FLIGHTNUMBER,DEPARTURE,FLIGHTDURATION,FROMID,TOID,AIRPLANEID,BASICPRICE) values ('28','AHA3234',to_timestamp('16-JÚN.  -23 08.15.20,000000000','RR-MON-DD HH24.MI.SSXFF'),'180','BUD','NAN','1','23000');
Insert into AHA.FLIGHTS (ID,FLIGHTNUMBER,DEPARTURE,FLIGHTDURATION,FROMID,TOID,AIRPLANEID,BASICPRICE) values ('29','AHA6587',to_timestamp('16-JÚL.  -16 08.00.00,000000000','RR-MON-DD HH24.MI.SSXFF'),'240','DUB','BUD','3','21000');
Insert into AHA.FLIGHTS (ID,FLIGHTNUMBER,DEPARTURE,FLIGHTDURATION,FROMID,TOID,AIRPLANEID,BASICPRICE) values ('30','AHA5555',to_timestamp('16-JÚL.  -14 10.30.00,000000000','RR-MON-DD HH24.MI.SSXFF'),'240','BUD','DUB','2','18000');
Insert into AHA.FLIGHTS (ID,FLIGHTNUMBER,DEPARTURE,FLIGHTDURATION,FROMID,TOID,AIRPLANEID,BASICPRICE) values ('31','AHA4567',to_timestamp('16-JÚL.  -28 06.15.00,000000000','RR-MON-DD HH24.MI.SSXFF'),'120','NAN','NRT','2','3560');
Insert into AHA.FLIGHTS (ID,FLIGHTNUMBER,DEPARTURE,FLIGHTDURATION,FROMID,TOID,AIRPLANEID,BASICPRICE) values ('32','AHA5345',to_timestamp('16-JÚL.  -19 08.40.00,000000000','RR-MON-DD HH24.MI.SSXFF'),'150','NAN','DUB','1','12350');
Insert into AHA.FLIGHTS (ID,FLIGHTNUMBER,DEPARTURE,FLIGHTDURATION,FROMID,TOID,AIRPLANEID,BASICPRICE) values ('33','AHA1233',to_timestamp('16-JÚL.  -20 23.15.00,000000000','RR-MON-DD HH24.MI.SSXFF'),'30','NAN','DUB','3','10000');
Insert into AHA.FLIGHTS (ID,FLIGHTNUMBER,DEPARTURE,FLIGHTDURATION,FROMID,TOID,AIRPLANEID,BASICPRICE) values ('34','AHA2344',to_timestamp('16-JÚL.  -19 10.10.00,000000000','RR-MON-DD HH24.MI.SSXFF'),'380','DUB','NRT','2','45000');
Insert into AHA.FLIGHTS (ID,FLIGHTNUMBER,DEPARTURE,FLIGHTDURATION,FROMID,TOID,AIRPLANEID,BASICPRICE) values ('35','AHA2355',to_timestamp('16-JÚL.  -30 15.30.00,000000000','RR-MON-DD HH24.MI.SSXFF'),'210','BUD','NAN','1','23400');
Insert into AHA.FLIGHTS (ID,FLIGHTNUMBER,DEPARTURE,FLIGHTDURATION,FROMID,TOID,AIRPLANEID,BASICPRICE) values ('36','AHA2366',to_timestamp('16-AUG.  -23 10.25.00,000000000','RR-MON-DD HH24.MI.SSXFF'),'190','NAN','DUB','2','56000');
Insert into AHA.FLIGHTS (ID,FLIGHTNUMBER,DEPARTURE,FLIGHTDURATION,FROMID,TOID,AIRPLANEID,BASICPRICE) values ('38','AHA2388',to_timestamp('16-AUG.  -23 10.35.00,000000000','RR-MON-DD HH24.MI.SSXFF'),'150','DUB','MAD','1','6700');
Insert into AHA.FLIGHTS (ID,FLIGHTNUMBER,DEPARTURE,FLIGHTDURATION,FROMID,TOID,AIRPLANEID,BASICPRICE) values ('39','AHA7788',to_timestamp('16-AUG.  -17 15.15.00,000000000','RR-MON-DD HH24.MI.SSXFF'),'180','BUD','CRL','1','54000');
Insert into AHA.FLIGHTS (ID,FLIGHTNUMBER,DEPARTURE,FLIGHTDURATION,FROMID,TOID,AIRPLANEID,BASICPRICE) values ('40','AHA4566',to_timestamp('16-AUG.  -27 17.20.00,000000000','RR-MON-DD HH24.MI.SSXFF'),'30','NAN','BCN','3','34500');
Insert into AHA.FLIGHTS (ID,FLIGHTNUMBER,DEPARTURE,FLIGHTDURATION,FROMID,TOID,AIRPLANEID,BASICPRICE) values ('41','AHA1111',to_timestamp('16-JÚL.  -20 23.15.00,000000000','RR-MON-DD HH24.MI.SSXFF'),'30','NAN','BUD','2','45000');
Insert into AHA.FLIGHTS (ID,FLIGHTNUMBER,DEPARTURE,FLIGHTDURATION,FROMID,TOID,AIRPLANEID,BASICPRICE) values ('42','AHA1112',to_timestamp('16-JÚL.  -19 10.10.00,000000000','RR-MON-DD HH24.MI.SSXFF'),'380','BUD','NRT','1','23400');
Insert into AHA.FLIGHTS (ID,FLIGHTNUMBER,DEPARTURE,FLIGHTDURATION,FROMID,TOID,AIRPLANEID,BASICPRICE) values ('44','AHA1114',to_timestamp('16-AUG.  -24 10.25.00,000000000','RR-MON-DD HH24.MI.SSXFF'),'190','NAN','DUB','2','34500');
Insert into AHA.FLIGHTS (ID,FLIGHTNUMBER,DEPARTURE,FLIGHTDURATION,FROMID,TOID,AIRPLANEID,BASICPRICE) values ('45','AHA1115',to_timestamp('16-AUG.  -17 12.10.00,000000000','RR-MON-DD HH24.MI.SSXFF'),'210','DUB','BUD','1','6700');
Insert into AHA.FLIGHTS (ID,FLIGHTNUMBER,DEPARTURE,FLIGHTDURATION,FROMID,TOID,AIRPLANEID,BASICPRICE) values ('46','AHA1116',to_timestamp('16-AUG.  -24 10.35.00,000000000','RR-MON-DD HH24.MI.SSXFF'),'150','DUB','MAD','1','54000');
Insert into AHA.FLIGHTS (ID,FLIGHTNUMBER,DEPARTURE,FLIGHTDURATION,FROMID,TOID,AIRPLANEID,BASICPRICE) values ('47','AHA1117',to_timestamp('16-AUG.  -18 15.15.00,000000000','RR-MON-DD HH24.MI.SSXFF'),'180','BUD','CRL','3','34500');
Insert into AHA.FLIGHTS (ID,FLIGHTNUMBER,DEPARTURE,FLIGHTDURATION,FROMID,TOID,AIRPLANEID,BASICPRICE) values ('48','AHA1118',to_timestamp('16-AUG.  -28 17.20.00,000000000','RR-MON-DD HH24.MI.SSXFF'),'30','NAN','BCN','1','45000');
Insert into AHA.FLIGHTS (ID,FLIGHTNUMBER,DEPARTURE,FLIGHTDURATION,FROMID,TOID,AIRPLANEID,BASICPRICE) values ('49','AHA1119',to_timestamp('16-AUG.  -30 21.14.30,000000000','RR-MON-DD HH24.MI.SSXFF'),'180','BUD','BER','2','6000');
Insert into AHA.FLIGHTS (ID,FLIGHTNUMBER,DEPARTURE,FLIGHTDURATION,FROMID,TOID,AIRPLANEID,BASICPRICE) values ('50','AHA2345',to_timestamp('16-SZEPT.-15 14.14.00,000000000','RR-MON-DD HH24.MI.SSXFF'),'240','DUB','LHR','1','23000');
Insert into AHA.FLIGHTS (ID,FLIGHTNUMBER,DEPARTURE,FLIGHTDURATION,FROMID,TOID,AIRPLANEID,BASICPRICE) values ('2','AHA7453',to_timestamp('16-JÚL.  -22 12.15.00,000000000','RR-MON-DD HH24.MI.SSXFF'),'180','NAN','BUD','2','23000');
Insert into AHA.FLIGHTS (ID,FLIGHTNUMBER,DEPARTURE,FLIGHTDURATION,FROMID,TOID,AIRPLANEID,BASICPRICE) values ('4','AHA7587',to_timestamp('16-JÚL.  -16 07.00.00,000000000','RR-MON-DD HH24.MI.SSXFF'),'240','DUB','BUD','3','21000');
Insert into AHA.FLIGHTS (ID,FLIGHTNUMBER,DEPARTURE,FLIGHTDURATION,FROMID,TOID,AIRPLANEID,BASICPRICE) values ('5','AHA7555',to_timestamp('16-JÚL.  -14 12.30.00,000000000','RR-MON-DD HH24.MI.SSXFF'),'240','BUD','DUB','2','18000');
Insert into AHA.FLIGHTS (ID,FLIGHTNUMBER,DEPARTURE,FLIGHTDURATION,FROMID,TOID,AIRPLANEID,BASICPRICE) values ('6','AHA7567',to_timestamp('16-JÚL.  -28 09.25.00,000000000','RR-MON-DD HH24.MI.SSXFF'),'120','NAN','NRT','2','3560');
Insert into AHA.FLIGHTS (ID,FLIGHTNUMBER,DEPARTURE,FLIGHTDURATION,FROMID,TOID,AIRPLANEID,BASICPRICE) values ('7','AHA7345',to_timestamp('16-JÚL.  -19 06.50.00,000000000','RR-MON-DD HH24.MI.SSXFF'),'150','NAN','DUB','1','12350');
Insert into AHA.FLIGHTS (ID,FLIGHTNUMBER,DEPARTURE,FLIGHTDURATION,FROMID,TOID,AIRPLANEID,BASICPRICE) values ('8','AHA7233',to_timestamp('16-JÚL.  -20 20.15.00,000000000','RR-MON-DD HH24.MI.SSXFF'),'30','NAN','DUB','3','10000');
Insert into AHA.FLIGHTS (ID,FLIGHTNUMBER,DEPARTURE,FLIGHTDURATION,FROMID,TOID,AIRPLANEID,BASICPRICE) values ('9','AHA7344',to_timestamp('16-JÚL.  -19 08.10.00,000000000','RR-MON-DD HH24.MI.SSXFF'),'380','DUB','NRT','2','45000');
Insert into AHA.FLIGHTS (ID,FLIGHTNUMBER,DEPARTURE,FLIGHTDURATION,FROMID,TOID,AIRPLANEID,BASICPRICE) values ('10','AHA7355',to_timestamp('16-JÚL.  -30 13.30.00,000000000','RR-MON-DD HH24.MI.SSXFF'),'210','BUD','NAN','1','23400');
Insert into AHA.FLIGHTS (ID,FLIGHTNUMBER,DEPARTURE,FLIGHTDURATION,FROMID,TOID,AIRPLANEID,BASICPRICE) values ('11','AHA7366',to_timestamp('16-JÚN.  -30 08.25.00,000000000','RR-MON-DD HH24.MI.SSXFF'),'190','NAN','DUB','2','56000');
Insert into AHA.FLIGHTS (ID,FLIGHTNUMBER,DEPARTURE,FLIGHTDURATION,FROMID,TOID,AIRPLANEID,BASICPRICE) values ('12','AHA7377',to_timestamp('16-AUG.  -16 10.10.00,000000000','RR-MON-DD HH24.MI.SSXFF'),'210','DUB','BUD','2','34500');
Insert into AHA.FLIGHTS (ID,FLIGHTNUMBER,DEPARTURE,FLIGHTDURATION,FROMID,TOID,AIRPLANEID,BASICPRICE) values ('13','AHA7388',to_timestamp('16-AUG.  -23 08.35.00,000000000','RR-MON-DD HH24.MI.SSXFF'),'150','DUB','MAD','1','6700');
Insert into AHA.FLIGHTS (ID,FLIGHTNUMBER,DEPARTURE,FLIGHTDURATION,FROMID,TOID,AIRPLANEID,BASICPRICE) values ('14','AHA9788',to_timestamp('16-AUG.  -17 17.15.00,000000000','RR-MON-DD HH24.MI.SSXFF'),'180','BUD','CRL','1','54000');
Insert into AHA.FLIGHTS (ID,FLIGHTNUMBER,DEPARTURE,FLIGHTDURATION,FROMID,TOID,AIRPLANEID,BASICPRICE) values ('15','AHA7566',to_timestamp('16-AUG.  -27 19.20.00,000000000','RR-MON-DD HH24.MI.SSXFF'),'30','NAN','BCN','3','34500');
Insert into AHA.FLIGHTS (ID,FLIGHTNUMBER,DEPARTURE,FLIGHTDURATION,FROMID,TOID,AIRPLANEID,BASICPRICE) values ('16','AHA7111',to_timestamp('16-JÚL.  -20 21.15.00,000000000','RR-MON-DD HH24.MI.SSXFF'),'30','NAN','BUD','2','45000');
Insert into AHA.FLIGHTS (ID,FLIGHTNUMBER,DEPARTURE,FLIGHTDURATION,FROMID,TOID,AIRPLANEID,BASICPRICE) values ('17','AHA7112',to_timestamp('16-JÚL.  -19 08.10.00,000000000','RR-MON-DD HH24.MI.SSXFF'),'380','BUD','NRT','1','23400');
Insert into AHA.FLIGHTS (ID,FLIGHTNUMBER,DEPARTURE,FLIGHTDURATION,FROMID,TOID,AIRPLANEID,BASICPRICE) values ('18','AHA7113',to_timestamp('16-JÚL.  -31 13.30.00,000000000','RR-MON-DD HH24.MI.SSXFF'),'210','BUD','NAN','2','56000');
Insert into AHA.FLIGHTS (ID,FLIGHTNUMBER,DEPARTURE,FLIGHTDURATION,FROMID,TOID,AIRPLANEID,BASICPRICE) values ('19','AHA7114',to_timestamp('16-AUG.  -24 12.25.00,000000000','RR-MON-DD HH24.MI.SSXFF'),'190','NAN','DUB','2','34500');
Insert into AHA.FLIGHTS (ID,FLIGHTNUMBER,DEPARTURE,FLIGHTDURATION,FROMID,TOID,AIRPLANEID,BASICPRICE) values ('20','AHA7115',to_timestamp('16-AUG.  -17 12.10.00,000000000','RR-MON-DD HH24.MI.SSXFF'),'210','DUB','BUD','1','6700');
Insert into AHA.FLIGHTS (ID,FLIGHTNUMBER,DEPARTURE,FLIGHTDURATION,FROMID,TOID,AIRPLANEID,BASICPRICE) values ('21','AHA7116',to_timestamp('16-AUG.  -24 13.35.00,000000000','RR-MON-DD HH24.MI.SSXFF'),'150','DUB','MAD','1','54000');
Insert into AHA.FLIGHTS (ID,FLIGHTNUMBER,DEPARTURE,FLIGHTDURATION,FROMID,TOID,AIRPLANEID,BASICPRICE) values ('22','AHA7117',to_timestamp('16-AUG.  -18 18.05.00,000000000','RR-MON-DD HH24.MI.SSXFF'),'180','BUD','CRL','3','34500');
Insert into AHA.FLIGHTS (ID,FLIGHTNUMBER,DEPARTURE,FLIGHTDURATION,FROMID,TOID,AIRPLANEID,BASICPRICE) values ('23','AHA7118',to_timestamp('16-AUG.  -28 15.25.00,000000000','RR-MON-DD HH24.MI.SSXFF'),'30','NAN','BCN','1','45000');
Insert into AHA.FLIGHTS (ID,FLIGHTNUMBER,DEPARTURE,FLIGHTDURATION,FROMID,TOID,AIRPLANEID,BASICPRICE) values ('24','AHA7119',to_timestamp('16-AUG.  -30 23.15.00,000000000','RR-MON-DD HH24.MI.SSXFF'),'180','BUD','BER','2','6000');
Insert into AHA.FLIGHTS (ID,FLIGHTNUMBER,DEPARTURE,FLIGHTDURATION,FROMID,TOID,AIRPLANEID,BASICPRICE) values ('25','AHA7345',to_timestamp('16-SZEPT.-15 18.10.00,000000000','RR-MON-DD HH24.MI.SSXFF'),'240','DUB','LHR','1','23000');
Insert into AHA.FLIGHTS (ID,FLIGHTNUMBER,DEPARTURE,FLIGHTDURATION,FROMID,TOID,AIRPLANEID,BASICPRICE) values ('26','AHA7234',to_timestamp('16-AUG.  -28 19.10.00,000000000','RR-MON-DD HH24.MI.SSXFF'),'180','BUD','BER','1','45000');
Insert into AHA.FLIGHTS (ID,FLIGHTNUMBER,DEPARTURE,FLIGHTDURATION,FROMID,TOID,AIRPLANEID,BASICPRICE) values ('27','AHA7345',to_timestamp('16-SZEPT.-15 21.15.00,000000000','RR-MON-DD HH24.MI.SSXFF'),'240','DUB','LHR','2','6000');
Insert into AHA.FLIGHTS (ID,FLIGHTNUMBER,DEPARTURE,FLIGHTDURATION,FROMID,TOID,AIRPLANEID,BASICPRICE) values ('53','AHA7366',to_timestamp('16-AUG.  -23 08.25.00,000000000','RR-MON-DD HH24.MI.SSXFF'),'190','NAN','DUB','2','56000');
Insert into AHA.FLIGHTS (ID,FLIGHTNUMBER,DEPARTURE,FLIGHTDURATION,FROMID,TOID,AIRPLANEID,BASICPRICE) values ('52','AHA2345',to_timestamp('16-SZEPT.-15 14.14.00,000000000','RR-MON-DD HH24.MI.SSXFF'),'240','DUB','LHR','2','6000');
REM INSERTING into AHA.PASSENGERS
SET DEFINE OFF;
Insert into AHA.PASSENGERS (ID,NAME,EMAIL,VIP) values ('1','Mimi Rogers','mimi@mimi.com','0');
Insert into AHA.PASSENGERS (ID,NAME,EMAIL,VIP) values ('2','Han Solo','helga.bernot@gmail.com','0');
Insert into AHA.PASSENGERS (ID,NAME,EMAIL,VIP) values ('3','Chew Bakka','Bakka@chew.com','0');
Insert into AHA.PASSENGERS (ID,NAME,EMAIL,VIP) values ('4','Willy Wonka','wonka@willy.hu','0');
Insert into AHA.PASSENGERS (ID,NAME,EMAIL,VIP) values ('5','Master Shifu','shifu@master.com','1');
Insert into AHA.PASSENGERS (ID,NAME,EMAIL,VIP) values ('6','Anett','simonics.anett@gmail.com','1');
Insert into AHA.PASSENGERS (ID,NAME,EMAIL,VIP) values ('7','Kovács Magda','kovacs.magda2015@gmail.com','1');
Insert into AHA.PASSENGERS (ID,NAME,EMAIL,VIP) values ('8','Simonics Anett','simonics.anett@gmail.com','0');
REM INSERTING into AHA.SEATS
SET DEFINE OFF;
Insert into AHA.SEATS (ID,AIRPLANEID,ROWNUMBER,COLUMNLETTER,MULTIPLIER) values ('1','1','1','A','1,5');
Insert into AHA.SEATS (ID,AIRPLANEID,ROWNUMBER,COLUMNLETTER,MULTIPLIER) values ('2','1','1','B','1');
Insert into AHA.SEATS (ID,AIRPLANEID,ROWNUMBER,COLUMNLETTER,MULTIPLIER) values ('3','1','1','C','1,25');
Insert into AHA.SEATS (ID,AIRPLANEID,ROWNUMBER,COLUMNLETTER,MULTIPLIER) values ('4','1','1','D','1,25');
Insert into AHA.SEATS (ID,AIRPLANEID,ROWNUMBER,COLUMNLETTER,MULTIPLIER) values ('5','1','1','E','1');
Insert into AHA.SEATS (ID,AIRPLANEID,ROWNUMBER,COLUMNLETTER,MULTIPLIER) values ('6','1','1','F','1,5');
Insert into AHA.SEATS (ID,AIRPLANEID,ROWNUMBER,COLUMNLETTER,MULTIPLIER) values ('7','1','2','A','1,5');
Insert into AHA.SEATS (ID,AIRPLANEID,ROWNUMBER,COLUMNLETTER,MULTIPLIER) values ('8','1','2','B','1');
Insert into AHA.SEATS (ID,AIRPLANEID,ROWNUMBER,COLUMNLETTER,MULTIPLIER) values ('9','1','2','C','1,25');
Insert into AHA.SEATS (ID,AIRPLANEID,ROWNUMBER,COLUMNLETTER,MULTIPLIER) values ('10','1','2','D','1,25');
Insert into AHA.SEATS (ID,AIRPLANEID,ROWNUMBER,COLUMNLETTER,MULTIPLIER) values ('11','1','2','E','1');
Insert into AHA.SEATS (ID,AIRPLANEID,ROWNUMBER,COLUMNLETTER,MULTIPLIER) values ('12','1','2','F','1,5');
Insert into AHA.SEATS (ID,AIRPLANEID,ROWNUMBER,COLUMNLETTER,MULTIPLIER) values ('13','1','3','A','1,5');
Insert into AHA.SEATS (ID,AIRPLANEID,ROWNUMBER,COLUMNLETTER,MULTIPLIER) values ('14','1','3','B','1');
Insert into AHA.SEATS (ID,AIRPLANEID,ROWNUMBER,COLUMNLETTER,MULTIPLIER) values ('15','1','3','C','1,25');
Insert into AHA.SEATS (ID,AIRPLANEID,ROWNUMBER,COLUMNLETTER,MULTIPLIER) values ('16','1','3','D','1,25');
Insert into AHA.SEATS (ID,AIRPLANEID,ROWNUMBER,COLUMNLETTER,MULTIPLIER) values ('17','1','3','E','1');
Insert into AHA.SEATS (ID,AIRPLANEID,ROWNUMBER,COLUMNLETTER,MULTIPLIER) values ('18','1','3','F','1,5');
Insert into AHA.SEATS (ID,AIRPLANEID,ROWNUMBER,COLUMNLETTER,MULTIPLIER) values ('19','1','4','A','1,5');
Insert into AHA.SEATS (ID,AIRPLANEID,ROWNUMBER,COLUMNLETTER,MULTIPLIER) values ('20','1','4','B','1');
Insert into AHA.SEATS (ID,AIRPLANEID,ROWNUMBER,COLUMNLETTER,MULTIPLIER) values ('21','1','4','C','1,25');
Insert into AHA.SEATS (ID,AIRPLANEID,ROWNUMBER,COLUMNLETTER,MULTIPLIER) values ('22','1','4','D','1,25');
Insert into AHA.SEATS (ID,AIRPLANEID,ROWNUMBER,COLUMNLETTER,MULTIPLIER) values ('23','1','4','E','1');
Insert into AHA.SEATS (ID,AIRPLANEID,ROWNUMBER,COLUMNLETTER,MULTIPLIER) values ('24','1','4','F','1,5');
Insert into AHA.SEATS (ID,AIRPLANEID,ROWNUMBER,COLUMNLETTER,MULTIPLIER) values ('25','1','5','A','1,5');
Insert into AHA.SEATS (ID,AIRPLANEID,ROWNUMBER,COLUMNLETTER,MULTIPLIER) values ('26','1','5','B','1');
Insert into AHA.SEATS (ID,AIRPLANEID,ROWNUMBER,COLUMNLETTER,MULTIPLIER) values ('27','1','5','C','1,25');
Insert into AHA.SEATS (ID,AIRPLANEID,ROWNUMBER,COLUMNLETTER,MULTIPLIER) values ('28','1','5','D','1,25');
Insert into AHA.SEATS (ID,AIRPLANEID,ROWNUMBER,COLUMNLETTER,MULTIPLIER) values ('29','1','5','E','1');
Insert into AHA.SEATS (ID,AIRPLANEID,ROWNUMBER,COLUMNLETTER,MULTIPLIER) values ('30','1','5','F','1,5');
Insert into AHA.SEATS (ID,AIRPLANEID,ROWNUMBER,COLUMNLETTER,MULTIPLIER) values ('31','1','6','A','1,5');
Insert into AHA.SEATS (ID,AIRPLANEID,ROWNUMBER,COLUMNLETTER,MULTIPLIER) values ('32','1','6','B','1');
Insert into AHA.SEATS (ID,AIRPLANEID,ROWNUMBER,COLUMNLETTER,MULTIPLIER) values ('33','1','6','C','1,25');
Insert into AHA.SEATS (ID,AIRPLANEID,ROWNUMBER,COLUMNLETTER,MULTIPLIER) values ('34','1','6','D','1,25');
Insert into AHA.SEATS (ID,AIRPLANEID,ROWNUMBER,COLUMNLETTER,MULTIPLIER) values ('35','1','6','E','1');
Insert into AHA.SEATS (ID,AIRPLANEID,ROWNUMBER,COLUMNLETTER,MULTIPLIER) values ('36','1','6','F','1,5');
Insert into AHA.SEATS (ID,AIRPLANEID,ROWNUMBER,COLUMNLETTER,MULTIPLIER) values ('37','1','7','A','1,5');
Insert into AHA.SEATS (ID,AIRPLANEID,ROWNUMBER,COLUMNLETTER,MULTIPLIER) values ('38','1','7','B','1');
Insert into AHA.SEATS (ID,AIRPLANEID,ROWNUMBER,COLUMNLETTER,MULTIPLIER) values ('39','1','7','C','1,25');
Insert into AHA.SEATS (ID,AIRPLANEID,ROWNUMBER,COLUMNLETTER,MULTIPLIER) values ('40','1','7','D','1,25');
Insert into AHA.SEATS (ID,AIRPLANEID,ROWNUMBER,COLUMNLETTER,MULTIPLIER) values ('41','1','7','E','1');
Insert into AHA.SEATS (ID,AIRPLANEID,ROWNUMBER,COLUMNLETTER,MULTIPLIER) values ('42','1','7','F','1,5');
Insert into AHA.SEATS (ID,AIRPLANEID,ROWNUMBER,COLUMNLETTER,MULTIPLIER) values ('43','1','8','A','1,5');
Insert into AHA.SEATS (ID,AIRPLANEID,ROWNUMBER,COLUMNLETTER,MULTIPLIER) values ('44','1','8','B','1');
Insert into AHA.SEATS (ID,AIRPLANEID,ROWNUMBER,COLUMNLETTER,MULTIPLIER) values ('45','1','8','C','1,25');
Insert into AHA.SEATS (ID,AIRPLANEID,ROWNUMBER,COLUMNLETTER,MULTIPLIER) values ('46','1','8','D','1,25');
Insert into AHA.SEATS (ID,AIRPLANEID,ROWNUMBER,COLUMNLETTER,MULTIPLIER) values ('47','1','8','E','1');
Insert into AHA.SEATS (ID,AIRPLANEID,ROWNUMBER,COLUMNLETTER,MULTIPLIER) values ('48','1','8','F','1,5');
Insert into AHA.SEATS (ID,AIRPLANEID,ROWNUMBER,COLUMNLETTER,MULTIPLIER) values ('49','1','9','A','1,5');
Insert into AHA.SEATS (ID,AIRPLANEID,ROWNUMBER,COLUMNLETTER,MULTIPLIER) values ('50','1','9','B','1');
Insert into AHA.SEATS (ID,AIRPLANEID,ROWNUMBER,COLUMNLETTER,MULTIPLIER) values ('51','1','9','C','1,25');
Insert into AHA.SEATS (ID,AIRPLANEID,ROWNUMBER,COLUMNLETTER,MULTIPLIER) values ('52','1','9','D','1,25');
Insert into AHA.SEATS (ID,AIRPLANEID,ROWNUMBER,COLUMNLETTER,MULTIPLIER) values ('53','1','9','E','1');
Insert into AHA.SEATS (ID,AIRPLANEID,ROWNUMBER,COLUMNLETTER,MULTIPLIER) values ('54','1','9','F','1,5');
Insert into AHA.SEATS (ID,AIRPLANEID,ROWNUMBER,COLUMNLETTER,MULTIPLIER) values ('55','1','10','A','1,5');
Insert into AHA.SEATS (ID,AIRPLANEID,ROWNUMBER,COLUMNLETTER,MULTIPLIER) values ('56','1','10','B','1');
Insert into AHA.SEATS (ID,AIRPLANEID,ROWNUMBER,COLUMNLETTER,MULTIPLIER) values ('57','1','10','C','1,25');
Insert into AHA.SEATS (ID,AIRPLANEID,ROWNUMBER,COLUMNLETTER,MULTIPLIER) values ('58','1','10','D','1,25');
Insert into AHA.SEATS (ID,AIRPLANEID,ROWNUMBER,COLUMNLETTER,MULTIPLIER) values ('59','1','10','E','1');
Insert into AHA.SEATS (ID,AIRPLANEID,ROWNUMBER,COLUMNLETTER,MULTIPLIER) values ('60','1','10','F','1,5');
Insert into AHA.SEATS (ID,AIRPLANEID,ROWNUMBER,COLUMNLETTER,MULTIPLIER) values ('61','1','11','A','1,5');
Insert into AHA.SEATS (ID,AIRPLANEID,ROWNUMBER,COLUMNLETTER,MULTIPLIER) values ('62','1','11','B','1');
Insert into AHA.SEATS (ID,AIRPLANEID,ROWNUMBER,COLUMNLETTER,MULTIPLIER) values ('63','1','11','C','1,25');
Insert into AHA.SEATS (ID,AIRPLANEID,ROWNUMBER,COLUMNLETTER,MULTIPLIER) values ('64','1','11','D','1,25');
Insert into AHA.SEATS (ID,AIRPLANEID,ROWNUMBER,COLUMNLETTER,MULTIPLIER) values ('65','1','11','E','1');
Insert into AHA.SEATS (ID,AIRPLANEID,ROWNUMBER,COLUMNLETTER,MULTIPLIER) values ('66','1','11','F','1,5');
Insert into AHA.SEATS (ID,AIRPLANEID,ROWNUMBER,COLUMNLETTER,MULTIPLIER) values ('67','1','12','A','1,5');
Insert into AHA.SEATS (ID,AIRPLANEID,ROWNUMBER,COLUMNLETTER,MULTIPLIER) values ('68','1','12','B','1');
Insert into AHA.SEATS (ID,AIRPLANEID,ROWNUMBER,COLUMNLETTER,MULTIPLIER) values ('69','1','12','C','1,25');
Insert into AHA.SEATS (ID,AIRPLANEID,ROWNUMBER,COLUMNLETTER,MULTIPLIER) values ('70','1','12','D','1,25');
Insert into AHA.SEATS (ID,AIRPLANEID,ROWNUMBER,COLUMNLETTER,MULTIPLIER) values ('71','1','12','E','1');
Insert into AHA.SEATS (ID,AIRPLANEID,ROWNUMBER,COLUMNLETTER,MULTIPLIER) values ('72','1','12','F','1,5');
Insert into AHA.SEATS (ID,AIRPLANEID,ROWNUMBER,COLUMNLETTER,MULTIPLIER) values ('73','1','13','A','1,5');
Insert into AHA.SEATS (ID,AIRPLANEID,ROWNUMBER,COLUMNLETTER,MULTIPLIER) values ('74','1','13','B','1');
Insert into AHA.SEATS (ID,AIRPLANEID,ROWNUMBER,COLUMNLETTER,MULTIPLIER) values ('75','1','13','C','1,25');
Insert into AHA.SEATS (ID,AIRPLANEID,ROWNUMBER,COLUMNLETTER,MULTIPLIER) values ('76','1','13','D','1,25');
Insert into AHA.SEATS (ID,AIRPLANEID,ROWNUMBER,COLUMNLETTER,MULTIPLIER) values ('77','1','13','E','1');
Insert into AHA.SEATS (ID,AIRPLANEID,ROWNUMBER,COLUMNLETTER,MULTIPLIER) values ('78','1','13','F','1,5');
Insert into AHA.SEATS (ID,AIRPLANEID,ROWNUMBER,COLUMNLETTER,MULTIPLIER) values ('79','1','14','A','1,5');
Insert into AHA.SEATS (ID,AIRPLANEID,ROWNUMBER,COLUMNLETTER,MULTIPLIER) values ('80','1','14','B','1');
Insert into AHA.SEATS (ID,AIRPLANEID,ROWNUMBER,COLUMNLETTER,MULTIPLIER) values ('81','1','14','C','1,25');
Insert into AHA.SEATS (ID,AIRPLANEID,ROWNUMBER,COLUMNLETTER,MULTIPLIER) values ('82','1','14','D','1,25');
Insert into AHA.SEATS (ID,AIRPLANEID,ROWNUMBER,COLUMNLETTER,MULTIPLIER) values ('83','1','14','E','1');
Insert into AHA.SEATS (ID,AIRPLANEID,ROWNUMBER,COLUMNLETTER,MULTIPLIER) values ('84','1','14','F','1,5');
Insert into AHA.SEATS (ID,AIRPLANEID,ROWNUMBER,COLUMNLETTER,MULTIPLIER) values ('85','1','15','A','1,5');
Insert into AHA.SEATS (ID,AIRPLANEID,ROWNUMBER,COLUMNLETTER,MULTIPLIER) values ('86','1','15','B','1');
Insert into AHA.SEATS (ID,AIRPLANEID,ROWNUMBER,COLUMNLETTER,MULTIPLIER) values ('87','1','15','C','1,25');
Insert into AHA.SEATS (ID,AIRPLANEID,ROWNUMBER,COLUMNLETTER,MULTIPLIER) values ('88','1','15','D','1,25');
Insert into AHA.SEATS (ID,AIRPLANEID,ROWNUMBER,COLUMNLETTER,MULTIPLIER) values ('89','1','15','E','1');
Insert into AHA.SEATS (ID,AIRPLANEID,ROWNUMBER,COLUMNLETTER,MULTIPLIER) values ('90','1','15','F','1,5');
Insert into AHA.SEATS (ID,AIRPLANEID,ROWNUMBER,COLUMNLETTER,MULTIPLIER) values ('91','2','1','A','1,5');
Insert into AHA.SEATS (ID,AIRPLANEID,ROWNUMBER,COLUMNLETTER,MULTIPLIER) values ('92','2','1','B','1');
Insert into AHA.SEATS (ID,AIRPLANEID,ROWNUMBER,COLUMNLETTER,MULTIPLIER) values ('93','2','1','C','1,25');
Insert into AHA.SEATS (ID,AIRPLANEID,ROWNUMBER,COLUMNLETTER,MULTIPLIER) values ('94','2','1','D','1,25');
Insert into AHA.SEATS (ID,AIRPLANEID,ROWNUMBER,COLUMNLETTER,MULTIPLIER) values ('95','2','1','E','1');
Insert into AHA.SEATS (ID,AIRPLANEID,ROWNUMBER,COLUMNLETTER,MULTIPLIER) values ('96','2','1','F','1,5');
Insert into AHA.SEATS (ID,AIRPLANEID,ROWNUMBER,COLUMNLETTER,MULTIPLIER) values ('97','2','2','A','1,5');
Insert into AHA.SEATS (ID,AIRPLANEID,ROWNUMBER,COLUMNLETTER,MULTIPLIER) values ('98','2','2','B','1');
Insert into AHA.SEATS (ID,AIRPLANEID,ROWNUMBER,COLUMNLETTER,MULTIPLIER) values ('99','2','2','C','1,25');
Insert into AHA.SEATS (ID,AIRPLANEID,ROWNUMBER,COLUMNLETTER,MULTIPLIER) values ('100','2','2','D','1,25');
Insert into AHA.SEATS (ID,AIRPLANEID,ROWNUMBER,COLUMNLETTER,MULTIPLIER) values ('101','2','2','E','1');
Insert into AHA.SEATS (ID,AIRPLANEID,ROWNUMBER,COLUMNLETTER,MULTIPLIER) values ('102','2','2','F','1,5');
Insert into AHA.SEATS (ID,AIRPLANEID,ROWNUMBER,COLUMNLETTER,MULTIPLIER) values ('103','2','3','A','1,5');
Insert into AHA.SEATS (ID,AIRPLANEID,ROWNUMBER,COLUMNLETTER,MULTIPLIER) values ('104','2','3','B','1');
Insert into AHA.SEATS (ID,AIRPLANEID,ROWNUMBER,COLUMNLETTER,MULTIPLIER) values ('105','2','3','C','1,25');
Insert into AHA.SEATS (ID,AIRPLANEID,ROWNUMBER,COLUMNLETTER,MULTIPLIER) values ('106','2','3','D','1,25');
Insert into AHA.SEATS (ID,AIRPLANEID,ROWNUMBER,COLUMNLETTER,MULTIPLIER) values ('107','2','3','E','1');
Insert into AHA.SEATS (ID,AIRPLANEID,ROWNUMBER,COLUMNLETTER,MULTIPLIER) values ('108','2','3','F','1,5');
Insert into AHA.SEATS (ID,AIRPLANEID,ROWNUMBER,COLUMNLETTER,MULTIPLIER) values ('109','2','4','A','1,5');
Insert into AHA.SEATS (ID,AIRPLANEID,ROWNUMBER,COLUMNLETTER,MULTIPLIER) values ('110','2','4','B','1');
Insert into AHA.SEATS (ID,AIRPLANEID,ROWNUMBER,COLUMNLETTER,MULTIPLIER) values ('111','2','4','C','1,25');
Insert into AHA.SEATS (ID,AIRPLANEID,ROWNUMBER,COLUMNLETTER,MULTIPLIER) values ('112','2','4','D','1,25');
Insert into AHA.SEATS (ID,AIRPLANEID,ROWNUMBER,COLUMNLETTER,MULTIPLIER) values ('113','2','4','E','1');
Insert into AHA.SEATS (ID,AIRPLANEID,ROWNUMBER,COLUMNLETTER,MULTIPLIER) values ('114','2','4','F','1,5');
Insert into AHA.SEATS (ID,AIRPLANEID,ROWNUMBER,COLUMNLETTER,MULTIPLIER) values ('115','2','5','A','1,5');
Insert into AHA.SEATS (ID,AIRPLANEID,ROWNUMBER,COLUMNLETTER,MULTIPLIER) values ('116','2','5','B','1');
Insert into AHA.SEATS (ID,AIRPLANEID,ROWNUMBER,COLUMNLETTER,MULTIPLIER) values ('117','2','5','C','1,25');
Insert into AHA.SEATS (ID,AIRPLANEID,ROWNUMBER,COLUMNLETTER,MULTIPLIER) values ('118','2','5','D','1,25');
Insert into AHA.SEATS (ID,AIRPLANEID,ROWNUMBER,COLUMNLETTER,MULTIPLIER) values ('119','2','5','E','1');
Insert into AHA.SEATS (ID,AIRPLANEID,ROWNUMBER,COLUMNLETTER,MULTIPLIER) values ('120','2','5','F','1,5');
Insert into AHA.SEATS (ID,AIRPLANEID,ROWNUMBER,COLUMNLETTER,MULTIPLIER) values ('121','2','6','A','1,5');
Insert into AHA.SEATS (ID,AIRPLANEID,ROWNUMBER,COLUMNLETTER,MULTIPLIER) values ('122','2','6','B','1');
Insert into AHA.SEATS (ID,AIRPLANEID,ROWNUMBER,COLUMNLETTER,MULTIPLIER) values ('123','2','6','C','1,25');
Insert into AHA.SEATS (ID,AIRPLANEID,ROWNUMBER,COLUMNLETTER,MULTIPLIER) values ('124','2','6','D','1,25');
Insert into AHA.SEATS (ID,AIRPLANEID,ROWNUMBER,COLUMNLETTER,MULTIPLIER) values ('125','2','6','E','1');
Insert into AHA.SEATS (ID,AIRPLANEID,ROWNUMBER,COLUMNLETTER,MULTIPLIER) values ('126','2','6','F','1,5');
Insert into AHA.SEATS (ID,AIRPLANEID,ROWNUMBER,COLUMNLETTER,MULTIPLIER) values ('127','2','7','A','1,5');
Insert into AHA.SEATS (ID,AIRPLANEID,ROWNUMBER,COLUMNLETTER,MULTIPLIER) values ('128','2','7','B','1');
Insert into AHA.SEATS (ID,AIRPLANEID,ROWNUMBER,COLUMNLETTER,MULTIPLIER) values ('129','2','7','C','1,25');
Insert into AHA.SEATS (ID,AIRPLANEID,ROWNUMBER,COLUMNLETTER,MULTIPLIER) values ('130','2','7','D','1,25');
Insert into AHA.SEATS (ID,AIRPLANEID,ROWNUMBER,COLUMNLETTER,MULTIPLIER) values ('131','2','7','E','1');
Insert into AHA.SEATS (ID,AIRPLANEID,ROWNUMBER,COLUMNLETTER,MULTIPLIER) values ('132','2','7','F','1,5');
Insert into AHA.SEATS (ID,AIRPLANEID,ROWNUMBER,COLUMNLETTER,MULTIPLIER) values ('133','2','8','A','1,5');
Insert into AHA.SEATS (ID,AIRPLANEID,ROWNUMBER,COLUMNLETTER,MULTIPLIER) values ('134','2','8','B','1');
Insert into AHA.SEATS (ID,AIRPLANEID,ROWNUMBER,COLUMNLETTER,MULTIPLIER) values ('135','2','8','C','1,25');
Insert into AHA.SEATS (ID,AIRPLANEID,ROWNUMBER,COLUMNLETTER,MULTIPLIER) values ('136','2','8','D','1,25');
Insert into AHA.SEATS (ID,AIRPLANEID,ROWNUMBER,COLUMNLETTER,MULTIPLIER) values ('137','2','8','E','1');
Insert into AHA.SEATS (ID,AIRPLANEID,ROWNUMBER,COLUMNLETTER,MULTIPLIER) values ('138','2','8','F','1,5');
Insert into AHA.SEATS (ID,AIRPLANEID,ROWNUMBER,COLUMNLETTER,MULTIPLIER) values ('139','2','9','A','1,5');
Insert into AHA.SEATS (ID,AIRPLANEID,ROWNUMBER,COLUMNLETTER,MULTIPLIER) values ('140','2','9','B','1');
Insert into AHA.SEATS (ID,AIRPLANEID,ROWNUMBER,COLUMNLETTER,MULTIPLIER) values ('141','2','9','C','1,25');
Insert into AHA.SEATS (ID,AIRPLANEID,ROWNUMBER,COLUMNLETTER,MULTIPLIER) values ('142','2','9','D','1,25');
Insert into AHA.SEATS (ID,AIRPLANEID,ROWNUMBER,COLUMNLETTER,MULTIPLIER) values ('143','2','9','E','1');
Insert into AHA.SEATS (ID,AIRPLANEID,ROWNUMBER,COLUMNLETTER,MULTIPLIER) values ('144','2','9','F','1,5');
Insert into AHA.SEATS (ID,AIRPLANEID,ROWNUMBER,COLUMNLETTER,MULTIPLIER) values ('145','2','10','A','1,5');
Insert into AHA.SEATS (ID,AIRPLANEID,ROWNUMBER,COLUMNLETTER,MULTIPLIER) values ('146','2','10','B','1');
Insert into AHA.SEATS (ID,AIRPLANEID,ROWNUMBER,COLUMNLETTER,MULTIPLIER) values ('147','2','10','C','1,25');
Insert into AHA.SEATS (ID,AIRPLANEID,ROWNUMBER,COLUMNLETTER,MULTIPLIER) values ('148','2','10','D','1,25');
Insert into AHA.SEATS (ID,AIRPLANEID,ROWNUMBER,COLUMNLETTER,MULTIPLIER) values ('149','2','10','E','1');
Insert into AHA.SEATS (ID,AIRPLANEID,ROWNUMBER,COLUMNLETTER,MULTIPLIER) values ('150','2','10','F','1,5');
Insert into AHA.SEATS (ID,AIRPLANEID,ROWNUMBER,COLUMNLETTER,MULTIPLIER) values ('151','3','1','A','1,5');
Insert into AHA.SEATS (ID,AIRPLANEID,ROWNUMBER,COLUMNLETTER,MULTIPLIER) values ('152','3','1','B','1');
Insert into AHA.SEATS (ID,AIRPLANEID,ROWNUMBER,COLUMNLETTER,MULTIPLIER) values ('153','3','1','C','1,25');
Insert into AHA.SEATS (ID,AIRPLANEID,ROWNUMBER,COLUMNLETTER,MULTIPLIER) values ('154','3','1','D','1,25');
Insert into AHA.SEATS (ID,AIRPLANEID,ROWNUMBER,COLUMNLETTER,MULTIPLIER) values ('155','3','1','E','1');
Insert into AHA.SEATS (ID,AIRPLANEID,ROWNUMBER,COLUMNLETTER,MULTIPLIER) values ('156','3','1','F','1,5');
Insert into AHA.SEATS (ID,AIRPLANEID,ROWNUMBER,COLUMNLETTER,MULTIPLIER) values ('157','3','2','A','1,5');
Insert into AHA.SEATS (ID,AIRPLANEID,ROWNUMBER,COLUMNLETTER,MULTIPLIER) values ('158','3','2','C','1,25');
Insert into AHA.SEATS (ID,AIRPLANEID,ROWNUMBER,COLUMNLETTER,MULTIPLIER) values ('159','3','2','D','1,25');
Insert into AHA.SEATS (ID,AIRPLANEID,ROWNUMBER,COLUMNLETTER,MULTIPLIER) values ('160','3','2','F','1,5');
--------------------------------------------------------
--  DDL for Index AIRPLANE_PK
--------------------------------------------------------

  CREATE UNIQUE INDEX "AHA"."AIRPLANE_PK" ON "AHA"."AIRPLANES" ("ID") 
  PCTFREE 10 INITRANS 2 MAXTRANS 255 COMPUTE STATISTICS 
  STORAGE(INITIAL 65536 NEXT 1048576 MINEXTENTS 1 MAXEXTENTS 2147483645
  PCTINCREASE 0 FREELISTS 1 FREELIST GROUPS 1 BUFFER_POOL DEFAULT FLASH_CACHE DEFAULT CELL_FLASH_CACHE DEFAULT)
  TABLESPACE "USERS" ;
--------------------------------------------------------
--  DDL for Index AIRPORTS_PK
--------------------------------------------------------

  CREATE UNIQUE INDEX "AHA"."AIRPORTS_PK" ON "AHA"."AIRPORTS" ("CODE") 
  PCTFREE 10 INITRANS 2 MAXTRANS 255 COMPUTE STATISTICS 
  STORAGE(INITIAL 65536 NEXT 1048576 MINEXTENTS 1 MAXEXTENTS 2147483645
  PCTINCREASE 0 FREELISTS 1 FREELIST GROUPS 1 BUFFER_POOL DEFAULT FLASH_CACHE DEFAULT CELL_FLASH_CACHE DEFAULT)
  TABLESPACE "USERS" ;
--------------------------------------------------------
--  DDL for Index BOOKINGS_PK
--------------------------------------------------------

  CREATE UNIQUE INDEX "AHA"."BOOKINGS_PK" ON "AHA"."BOOKINGS" ("BOOKINGREFERENCE") 
  PCTFREE 10 INITRANS 2 MAXTRANS 255 COMPUTE STATISTICS 
  STORAGE(INITIAL 65536 NEXT 1048576 MINEXTENTS 1 MAXEXTENTS 2147483645
  PCTINCREASE 0 FREELISTS 1 FREELIST GROUPS 1 BUFFER_POOL DEFAULT FLASH_CACHE DEFAULT CELL_FLASH_CACHE DEFAULT)
  TABLESPACE "USERS" ;
--------------------------------------------------------
--  DDL for Index FLIGHTS_PK
--------------------------------------------------------

  CREATE UNIQUE INDEX "AHA"."FLIGHTS_PK" ON "AHA"."FLIGHTS" ("ID") 
  PCTFREE 10 INITRANS 2 MAXTRANS 255 COMPUTE STATISTICS 
  STORAGE(INITIAL 65536 NEXT 1048576 MINEXTENTS 1 MAXEXTENTS 2147483645
  PCTINCREASE 0 FREELISTS 1 FREELIST GROUPS 1 BUFFER_POOL DEFAULT FLASH_CACHE DEFAULT CELL_FLASH_CACHE DEFAULT)
  TABLESPACE "USERS" ;
--------------------------------------------------------
--  DDL for Index PASSENGER_PK
--------------------------------------------------------

  CREATE UNIQUE INDEX "AHA"."PASSENGER_PK" ON "AHA"."PASSENGERS" ("ID") 
  PCTFREE 10 INITRANS 2 MAXTRANS 255 COMPUTE STATISTICS 
  STORAGE(INITIAL 65536 NEXT 1048576 MINEXTENTS 1 MAXEXTENTS 2147483645
  PCTINCREASE 0 FREELISTS 1 FREELIST GROUPS 1 BUFFER_POOL DEFAULT FLASH_CACHE DEFAULT CELL_FLASH_CACHE DEFAULT)
  TABLESPACE "USERS" ;
--------------------------------------------------------
--  DDL for Index SEAT_PK
--------------------------------------------------------

  CREATE UNIQUE INDEX "AHA"."SEAT_PK" ON "AHA"."SEATS" ("ID") 
  PCTFREE 10 INITRANS 2 MAXTRANS 255 COMPUTE STATISTICS 
  STORAGE(INITIAL 65536 NEXT 1048576 MINEXTENTS 1 MAXEXTENTS 2147483645
  PCTINCREASE 0 FREELISTS 1 FREELIST GROUPS 1 BUFFER_POOL DEFAULT FLASH_CACHE DEFAULT CELL_FLASH_CACHE DEFAULT)
  TABLESPACE "USERS" ;
--------------------------------------------------------
--  DDL for Index SEAT_UK1
--------------------------------------------------------

  CREATE UNIQUE INDEX "AHA"."SEAT_UK1" ON "AHA"."SEATS" ("AIRPLANEID", "ROWNUMBER", "COLUMNLETTER") 
  PCTFREE 10 INITRANS 2 MAXTRANS 255 COMPUTE STATISTICS 
  STORAGE(INITIAL 65536 NEXT 1048576 MINEXTENTS 1 MAXEXTENTS 2147483645
  PCTINCREASE 0 FREELISTS 1 FREELIST GROUPS 1 BUFFER_POOL DEFAULT FLASH_CACHE DEFAULT CELL_FLASH_CACHE DEFAULT)
  TABLESPACE "USERS" ;
--------------------------------------------------------
--  Constraints for Table AIRPLANES
--------------------------------------------------------

  ALTER TABLE "AHA"."AIRPLANES" ADD CONSTRAINT "AIRPLANE_PK" PRIMARY KEY ("ID")
  USING INDEX PCTFREE 10 INITRANS 2 MAXTRANS 255 COMPUTE STATISTICS 
  STORAGE(INITIAL 65536 NEXT 1048576 MINEXTENTS 1 MAXEXTENTS 2147483645
  PCTINCREASE 0 FREELISTS 1 FREELIST GROUPS 1 BUFFER_POOL DEFAULT FLASH_CACHE DEFAULT CELL_FLASH_CACHE DEFAULT)
  TABLESPACE "USERS"  ENABLE;
  ALTER TABLE "AHA"."AIRPLANES" MODIFY ("MODEL" NOT NULL ENABLE);
  ALTER TABLE "AHA"."AIRPLANES" MODIFY ("MAXDISTANCE" NOT NULL ENABLE);
  ALTER TABLE "AHA"."AIRPLANES" MODIFY ("ID" NOT NULL ENABLE);
--------------------------------------------------------
--  Constraints for Table AIRPORTS
--------------------------------------------------------

  ALTER TABLE "AHA"."AIRPORTS" ADD CONSTRAINT "AIRPORTS_PK" PRIMARY KEY ("CODE")
  USING INDEX PCTFREE 10 INITRANS 2 MAXTRANS 255 COMPUTE STATISTICS 
  STORAGE(INITIAL 65536 NEXT 1048576 MINEXTENTS 1 MAXEXTENTS 2147483645
  PCTINCREASE 0 FREELISTS 1 FREELIST GROUPS 1 BUFFER_POOL DEFAULT FLASH_CACHE DEFAULT CELL_FLASH_CACHE DEFAULT)
  TABLESPACE "USERS"  ENABLE;
  ALTER TABLE "AHA"."AIRPORTS" MODIFY ("CITY" NOT NULL ENABLE);
  ALTER TABLE "AHA"."AIRPORTS" MODIFY ("CODE" NOT NULL ENABLE);
--------------------------------------------------------
--  Constraints for Table BOOKINGS
--------------------------------------------------------

  ALTER TABLE "AHA"."BOOKINGS" ADD CONSTRAINT "BOOKINGS_PK" PRIMARY KEY ("BOOKINGREFERENCE")
  USING INDEX PCTFREE 10 INITRANS 2 MAXTRANS 255 COMPUTE STATISTICS 
  STORAGE(INITIAL 65536 NEXT 1048576 MINEXTENTS 1 MAXEXTENTS 2147483645
  PCTINCREASE 0 FREELISTS 1 FREELIST GROUPS 1 BUFFER_POOL DEFAULT FLASH_CACHE DEFAULT CELL_FLASH_CACHE DEFAULT)
  TABLESPACE "USERS"  ENABLE;
  ALTER TABLE "AHA"."BOOKINGS" MODIFY ("PASSENGERID" NOT NULL ENABLE);
  ALTER TABLE "AHA"."BOOKINGS" MODIFY ("FLIGHTID" NOT NULL ENABLE);
  ALTER TABLE "AHA"."BOOKINGS" MODIFY ("SEATID" NOT NULL ENABLE);
  ALTER TABLE "AHA"."BOOKINGS" MODIFY ("BOOKINGREFERENCE" NOT NULL ENABLE);
--------------------------------------------------------
--  Constraints for Table EMPLOYEES
--------------------------------------------------------

  ALTER TABLE "AHA"."EMPLOYEES" MODIFY ("NAME" NOT NULL ENABLE);
  ALTER TABLE "AHA"."EMPLOYEES" MODIFY ("EMAIL" NOT NULL ENABLE);
  ALTER TABLE "AHA"."EMPLOYEES" MODIFY ("ID" NOT NULL ENABLE);
--------------------------------------------------------
--  Constraints for Table FLIGHTS
--------------------------------------------------------

  ALTER TABLE "AHA"."FLIGHTS" MODIFY ("BASICPRICE" NOT NULL ENABLE);
  ALTER TABLE "AHA"."FLIGHTS" ADD CONSTRAINT "FLIGHTS_PK" PRIMARY KEY ("ID")
  USING INDEX PCTFREE 10 INITRANS 2 MAXTRANS 255 COMPUTE STATISTICS 
  STORAGE(INITIAL 65536 NEXT 1048576 MINEXTENTS 1 MAXEXTENTS 2147483645
  PCTINCREASE 0 FREELISTS 1 FREELIST GROUPS 1 BUFFER_POOL DEFAULT FLASH_CACHE DEFAULT CELL_FLASH_CACHE DEFAULT)
  TABLESPACE "USERS"  ENABLE;
  ALTER TABLE "AHA"."FLIGHTS" MODIFY ("AIRPLANEID" NOT NULL ENABLE);
  ALTER TABLE "AHA"."FLIGHTS" MODIFY ("TOID" NOT NULL ENABLE);
  ALTER TABLE "AHA"."FLIGHTS" MODIFY ("FROMID" NOT NULL ENABLE);
  ALTER TABLE "AHA"."FLIGHTS" MODIFY ("FLIGHTDURATION" NOT NULL ENABLE);
  ALTER TABLE "AHA"."FLIGHTS" MODIFY ("DEPARTURE" NOT NULL ENABLE);
  ALTER TABLE "AHA"."FLIGHTS" MODIFY ("FLIGHTNUMBER" NOT NULL ENABLE);
  ALTER TABLE "AHA"."FLIGHTS" MODIFY ("ID" NOT NULL ENABLE);
--------------------------------------------------------
--  Constraints for Table PASSENGERS
--------------------------------------------------------

  ALTER TABLE "AHA"."PASSENGERS" MODIFY ("VIP" NOT NULL ENABLE);
  ALTER TABLE "AHA"."PASSENGERS" ADD CONSTRAINT "PASSENGER_PK" PRIMARY KEY ("ID")
  USING INDEX PCTFREE 10 INITRANS 2 MAXTRANS 255 COMPUTE STATISTICS 
  STORAGE(INITIAL 65536 NEXT 1048576 MINEXTENTS 1 MAXEXTENTS 2147483645
  PCTINCREASE 0 FREELISTS 1 FREELIST GROUPS 1 BUFFER_POOL DEFAULT FLASH_CACHE DEFAULT CELL_FLASH_CACHE DEFAULT)
  TABLESPACE "USERS"  ENABLE;
  ALTER TABLE "AHA"."PASSENGERS" MODIFY ("EMAIL" NOT NULL ENABLE);
  ALTER TABLE "AHA"."PASSENGERS" MODIFY ("NAME" NOT NULL ENABLE);
  ALTER TABLE "AHA"."PASSENGERS" MODIFY ("ID" NOT NULL ENABLE);
--------------------------------------------------------
--  Constraints for Table SEATS
--------------------------------------------------------

  ALTER TABLE "AHA"."SEATS" MODIFY ("MULTIPLIER" NOT NULL ENABLE);
  ALTER TABLE "AHA"."SEATS" ADD CONSTRAINT "SEAT_UK1" UNIQUE ("AIRPLANEID", "ROWNUMBER", "COLUMNLETTER")
  USING INDEX PCTFREE 10 INITRANS 2 MAXTRANS 255 COMPUTE STATISTICS 
  STORAGE(INITIAL 65536 NEXT 1048576 MINEXTENTS 1 MAXEXTENTS 2147483645
  PCTINCREASE 0 FREELISTS 1 FREELIST GROUPS 1 BUFFER_POOL DEFAULT FLASH_CACHE DEFAULT CELL_FLASH_CACHE DEFAULT)
  TABLESPACE "USERS"  ENABLE;
  ALTER TABLE "AHA"."SEATS" ADD CONSTRAINT "SEAT_PK" PRIMARY KEY ("ID")
  USING INDEX PCTFREE 10 INITRANS 2 MAXTRANS 255 COMPUTE STATISTICS 
  STORAGE(INITIAL 65536 NEXT 1048576 MINEXTENTS 1 MAXEXTENTS 2147483645
  PCTINCREASE 0 FREELISTS 1 FREELIST GROUPS 1 BUFFER_POOL DEFAULT FLASH_CACHE DEFAULT CELL_FLASH_CACHE DEFAULT)
  TABLESPACE "USERS"  ENABLE;
  ALTER TABLE "AHA"."SEATS" MODIFY ("COLUMNLETTER" NOT NULL ENABLE);
  ALTER TABLE "AHA"."SEATS" MODIFY ("ROWNUMBER" NOT NULL ENABLE);
  ALTER TABLE "AHA"."SEATS" MODIFY ("AIRPLANEID" NOT NULL ENABLE);
  ALTER TABLE "AHA"."SEATS" MODIFY ("ID" NOT NULL ENABLE);
--------------------------------------------------------
--  Ref Constraints for Table BOOKINGS
--------------------------------------------------------

  ALTER TABLE "AHA"."BOOKINGS" ADD CONSTRAINT "BOOKINGS_FK1" FOREIGN KEY ("SEATID")
	  REFERENCES "AHA"."SEATS" ("ID") ON DELETE CASCADE ENABLE;
  ALTER TABLE "AHA"."BOOKINGS" ADD CONSTRAINT "BOOKINGS_FK2" FOREIGN KEY ("FLIGHTID")
	  REFERENCES "AHA"."FLIGHTS" ("ID") ON DELETE CASCADE ENABLE;
  ALTER TABLE "AHA"."BOOKINGS" ADD CONSTRAINT "BOOKINGS_FK3" FOREIGN KEY ("PASSENGERID")
	  REFERENCES "AHA"."PASSENGERS" ("ID") ON DELETE CASCADE ENABLE;
--------------------------------------------------------
--  Ref Constraints for Table FLIGHTS
--------------------------------------------------------

  ALTER TABLE "AHA"."FLIGHTS" ADD CONSTRAINT "FLIGHTS_FK1" FOREIGN KEY ("AIRPLANEID")
	  REFERENCES "AHA"."AIRPLANES" ("ID") ON DELETE CASCADE ENABLE;
  ALTER TABLE "AHA"."FLIGHTS" ADD CONSTRAINT "FLIGHTS_FK2" FOREIGN KEY ("FROMID")
	  REFERENCES "AHA"."AIRPORTS" ("CODE") ENABLE;
  ALTER TABLE "AHA"."FLIGHTS" ADD CONSTRAINT "FLIGHTS_FK3" FOREIGN KEY ("TOID")
	  REFERENCES "AHA"."AIRPORTS" ("CODE") ENABLE;
--------------------------------------------------------
--  Ref Constraints for Table SEATS
--------------------------------------------------------

  ALTER TABLE "AHA"."SEATS" ADD CONSTRAINT "SEAT_FK1" FOREIGN KEY ("AIRPLANEID")
	  REFERENCES "AHA"."AIRPLANES" ("ID") ON DELETE CASCADE ENABLE;
